AcresBurned,Counties,Name,UniqueId
410203,Colusa,Ranch Fire (Mendocino Complex),90b0daf7-5d84-42d9-bb35-bb78d4faf950
281893,Santa Barbara,Thomas Fire,d28bc34e-73a8-454d-9e55-dea7bdd40bee
257314,Tuolumne,Rim Fire,5fb18d4d-213f-4d83-a179-daaf11939e78
229651,Shasta,Carr Fire,240b1f55-0f4e-448d-a4ce-3ecfec7a6c9d
153336,Butte,Camp Fire,75dafe80-f18a-4a4a-9a37-4b564c5f6014
151623,Fresno,Rough Fire ,8c788c0a-d1fc-46d7-a17c-23f786831f7d
132127,Monterey,Soberanes Fire,977ac7ce-4204-4cd3-9f89-727142165261
97717,El Dorado,King Fire,3df6ecf7-f095-483d-b1c4-2dc969d61261
96949,Los Angeles,Woolsey Fire,92d7aeea-7abf-47a4-bf76-a4fe0fac65c6
96901,Mariposa,Ferguson Fire,29d15973-a999-409e-adf4-486854df44ed
90288,Napa,County Fire,97ff14e8-6d08-4214-ad3b-847fa3a0e84a
83733,Lassen,Long Valley Fire,f7b03fae-de58-4674-9f4f-d3e9d2762d84
83120,Modoc,Modoc July Complex,8caf9d17-d9c3-42e4-a622-30799080c4b9
81826,Mariposa,Detwiler Fire,9feb25c4-d3ae-4f78-9fc9-a1ad2b308e42
78698,Siskiyou,Eclipse Complex,490ae25d-c3d8-4a90-9e75-0ad85e0f629f
77758,Sonoma,Kincade Fire,809d101c-8aa3-4a53-bf20-f38ae7ec7941
77081,Trinity,River Complex,7c83452f-e6f0-47af-aa25-1d0fff3a594f
69438,Lake,Rocky Fire,23e85238-2966-452c-8f21-fa93a51e889b
63311,Shasta,Delta Fire,ba818380-4001-46a2-ac04-d5f322cdf3b9
56556,Napa,Nuns / Adobe / Norrbom/ Pressley / Partrick Fires / Oakmont (Central LNU Complex),be79d28c-767d-4a0d-b168-e86a5842004f
54612,Plumas,Walker Fire,3a48b649-8714-433d-9952-ff2bf9e8c90a
51624,Napa,Atlas Fire (Southern LNU Complex),676946dc-1b38-4a09-9bbe-9ce638cfed52
50042,Siskiyou,July Complex,550c60e9-6b15-4e64-bf4b-9bd5d1cb359d
48920,Colusa,River Fire (Mendocino Complex),af30fe23-6cfd-4fd6-b2d9-91648eeae814
48889,Kings,Garza Fire,6ee351a7-9382-48bc-a161-b417f7560ff9
48019,Kern,Erskine Fire,91816ff6-d4ec-4f31-8d40-bf2538aca09b
46344,San Luis Obispo,Chimney Fire,040d03d0-fbdd-438c-8174-f81e4a1bba57
46150,Shasta,Hirz Fire,cb647b06-1772-4d65-8087-0b841fcfb502
39736,Shasta,Bald Fire,045a1a18-72e4-4579-b64c-f34b33a1031b
39715,Siskiyou,Miller Complex,d43c681d-b57e-47e6-a6ad-e3ed08de9ff7
39387,Modoc,Stone Fire,58e6dde2-eeae-4a9e-be1e-bfd654d4405b
38008,Siskiyou,Klamathon Fire,d7e7eaca-5716-48b3-bd34-37acea282634
36807,Napa,Tubbs Fire (Central LNU Complex),82c2aafa-ef04-49f0-a172-0dfa8a15582e
36556,Tulare,Pier Fire,c8ebf0c1-e560-4e22-a946-129af8699dfb
36523,Mendocino,Redwood Valley Fire (Mendocino Lake Complex),c229ea5c-2ebd-4f80-892e-fc5da8a1eeea
36503,Trinity,Fork Complex,33e56fb3-20fc-47a5-810c-6fccef8400be
36450,Tuolumne,Donnell Fire,c62fc5e2-2340-49b7-b3d8-b883a266827f
36274,San Bernardino,Blue Cut Fire,ea5193a1-69bc-4684-bfcd-235c17d36756
35302,Siskiyou,Oregon Gulch Fire (part of the Beaver Complex),3b2609f0-b3a2-493c-bf66-c5b5f64409f8
33867,Siskiyou,Gap Fire,85683fd7-b507-4ec7-8bbd-fb7033a42665
32606,Santa Barbara,Rey Fire ,dc3f57ff-a935-4c25-bbe3-e00eeb5b5f42
32496,Siskiyou,Beaver Fire,30702a48-f9b0-44c3-8ddb-acc837bc6a34
32416,Shasta,Eiler Fire,60ea04ec-5f5e-4a49-8fbc-fa50c17a1199
31359,San Bernardino,Lake Fire,17616590-ce26-4c73-bf81-70d338d027ce
30361,Del Norte,Gasquet Complex,450e1ea6-2ed7-4df2-b533-698b0c86dd40
30274,Los Angeles,Powerhouse Fire,bf37805e-1cc2-4208-9972-753e47874c87
29416,Trinity,South Complex,7243645e-960d-4422-a281-cc6b42ca8938
29322,Kern,Cedar Fire,e247e423-6171-4184-9dca-b373de703885
28687,San Luis Obispo,Alamo Fire,5a43b164-04d0-46ea-992e-ea5aa283305f
27531,Riverside,Mountain Fire,a3149fec-4d48-427c-8b2c-59e8b79d59db
27440,Placer,American Fire,8213f5c7-34fa-403b-a4bc-da2ace6e6625
27276,Siskiyou,Orleans Complex,51bf0e2a-7f1f-4fe1-aeaa-70510ad42d0e
25118,Lake,Jerusalem Fire,94a7ae52-fed9-4997-b972-1761aa4b89ca
24251,Ventura,Springs Fire,46731fb8-3350-4920-bdf7-910ac0eb715c
23136,Orange,Holy Fire,5b9e5ea7-1f63-46dd-aabd-8cf407c6f4ba
22992,Fresno,Aspen Fire,bee8c339-4f26-4b78-a5b4-a8a0ebdb8786
21846,Trinity,Helena - Fork Fire,220a986e-6d2c-4893-9473-232d1e1abf0c
20292,Riverside,Silver Fire,c400203b-a7fd-4bd8-803a-f3c74bc32a2b
18900,Tulare,Lion Fire,f2e55878-e387-412b-a067-dadc649bed43
18703,Lassen,Whaleback Fire,684ded31-5a60-4c05-bbdb-2fb913ca0041
18618,Lassen,R-4 Fire,49757269-445f-4525-8698-858d8e0a5398
18430,Santa Barbara,Whittier Fire,dfd1e0d9-42b5-436a-aa83-ffcbbb7a6145
17357,Sonoma,Pocket Fire (Central LNU Complex),0de36981-b31f-45c7-befd-1596f982e7db
16031,Tulare,Schaeffer Fire,0624b038-7a97-4294-a7b5-074e3dfa4fb7
15619,Los Angeles,Creek Fire,a245b55b-3eb7-49dd-9a5e-909d53854055
15185,Lake,Pawnee Fire,25574325-cf1d-4191-bc3d-c50ed0a15f9c
14754,Siskiyou,Salmon River Complex,ba76c009-09c9-497c-b923-1ac8cf05c20d
14416,San Diego,Pulgas Fire,2a3d56c7-2ba7-4f83-8e69-7ae9bab18b71
14217,Modoc,Tucker Fire,2939928b-0308-4d76-b232-246f064ddd11
13838,Madera,French Fire,61c14593-8614-4365-afa7-264fcaa6ea2a
13417,Trinity,Buck Fire,7cc06465-bf2a-4df2-a68d-5f330e1cea42
13153,Modoc,Day Fire,e3b7143d-6faa-4962-9fe5-c2d1559c5d20
13139,Riverside,Cranston Fire,999bb931-4f26-4234-bb47-2f0d5b5f6263
12661,Shasta,Bully Fire,3a1fab73-882a-478c-b289-504497db4d64
12536,Mendocino,Lodge Lightning Complex,7c6a9617-1c79-4b4d-9833-e76532f59103
12518,Santa Barbara,Canyon Fire,f6afb8c4-32dc-4e6d-8d30-e6b7ccd4a62f
12503,Humboldt,Corral Complex,f3dcbca8-f8ed-46d0-8f6e-9c7fc2fb03e6
12407,Madera,Railroad Fire,9989e07d-5125-472d-9601-0d7158b13073
12300,San Joaquin,Waverly Fire,4efc7855-ecbf-4507-8435-399e23a91fef
11429,Tehama,Deer Fire,956dbcf6-db40-4b61-b235-4ede14738f1e
10570,Lassen,Dodge Fire,293c6467-7b2e-43a3-94c1-41cec4339b67
10343,Fresno,Elm Fire,65062933-27cf-48d7-8e4c-9a7ac78e65ff
10296,Inyo,Taboose Fire,e7ea56c5-4290-4406-b0a5-c9d1718e9700
9999,Ventura,Maria Fire ,31852a71-e639-496f-9e7d-0968d1c218b3
9989,Yuba,Cascade Fire (Wind Complex),608ed849-d1ec-4b0d-a477-d1b8e9c7e6dd
9217,Orange,Canyon 2 Fire,969c721c-5f27-41d4-9a94-ffa12e351204
8925,Mono,Slinkard Fire,71ea2924-bc37-44f4-b454-47eff22e426c
8838,Tehama,Red Bank Fire,14ad161c-bfc6-41ae-af84-a464084a4142
8799,Los Angeles,Saddle Ridge Fire,c52717d6-0297-4c5b-a0f1-f17abcd7ac27
8417,Butte,Cherokee Fire,adf929a5-d508-4f69-8845-8fa1df8d4f95
8110,San Bernardino,Pilot Fire,69c7b8cc-061e-4ca6-b5e8-83c6ae9d8a25
8094,Mariposa,Empire Fire,2995e2b3-f18d-44ec-952f-9f148b8354d9
8073,Shasta,Clover Fire,92af9783-eda9-4186-afe9-447f61a92636
7697,Modoc,Parker 2 Fire,3e005fd9-11a4-4145-a71f-8a4cf9a1341a
7609,San Diego,Border Fire,33099cdd-ccfc-454e-b5a3-770a69a30bd3
7509,Del Norte,Nickowitz Fire,c4da9583-d7ad-4d8c-834c-3688c1bf3949
7474,Santa Barbara,Sherpa Fire,ffb3293b-3349-49c5-a7cb-c488391e8a72
7194,Los Angeles,La Tuna Fire ,c2bf9820-7e90-43c4-bd3d-1b26ef7ada51
7055,San Diego,Chariot Fire,ee19b2ec-a96a-4738-994e-fb3ea016e053
7050,Fresno,Mineral Fire,346c59b1-375e-4d42-876a-d97b769c939f
7000,Inyo,Round Fire,7ed61f45-7e2b-449b-8ead-d34b75a5e818
7000,Mariposa,South Fork Fire,b02ec4f1-ac5c-4b22-b7fa-5834af16d807
6980,Tulare,Cabin Fire,c316e4c3-4455-4a12-8ecc-af75339adf8f
6974,Mono,Boot Fire,a81f5149-5ac2-48de-a189-609e46f5fad8
6965,Tehama,Panther Fire,53122f0f-fefc-4dbf-b2d8-566b42ced66d
6488,Yolo,Monticello Fire,756d8f5b-bc05-4741-a5a3-3b20ca21906d
6309,Riverside,Manzanita Fire,ca0c9a5f-7a1a-4903-b790-6eb3e85e7e64
6258,Shasta,Coffee Fire,9d3fb01e-c29e-436a-82f8-c110a0b35179
6151,Butte,LaPorte Fire (Wind Complex),4ca0e06c-4e6e-4e00-a4a4-6813e3200bd5
6049,Los Angeles,Rye Fire,1e11fa40-e850-45d2-b65e-05aadc9f02f1
6042,Lassen,Mud Fire,b77ff66d-d8ee-49c9-bd0f-92a4350a095a
6033,Butte,Wall Fire,8816f0da-0818-499a-9ff6-ba4fd56ca7c8
5738,Fresno,Jayne Fire,0cacf259-1ba3-4e8c-a938-feaab2655c4b
5737,Modoc,Lone Fire,81977367-45ad-4962-92f3-ae30f22ef723
5731,Yolo,Cold Fire,057fd4e2-7400-4fc4-9b23-3daf67fc8610
5702,Madera,Willow Fire,8650f48d-5ea2-4dfc-96d2-f0d3f300b1e4
5646,El Dorado,Trailhead Fire,b604ffa7-8cee-4724-bb82-f1f4553a192f
5563,Mariposa,Briceburg Fire,e7aeb204-15af-4a2a-8f2a-bfd2c8dbe411
5503,Siskiyou,Little Deer Fire,59a31adf-4f31-4bf6-a6c6-fe62d2d2587f
5443,Inyo,Owens River Fire,821c040d-a17c-4934-990f-ca7d441a303a
5399,Los Angeles,San Gabriel Complex (Formerly Fish & Reservoir Fires),2b8f9fdc-f812-4d72-9163-c5356d8ae04b
5367,San Diego,Tomahawk Fire,2b35bd0d-169f-4a81-835b-13bf527031a6
5332,Tehama,South Fire,38d46a2f-d1f6-4ed8-a502-e57e393844ea
5247,Stanislaus,Summit Complex,68328f20-5aed-404d-8c29-81b4b69e8439
4883,Humboldt,Humboldt Lightning Fires,5bc18279-c038-4c2a-926c-433fe3cd4287
4863,Modoc,Frog Fire,a063b897-28aa-43e5-b608-1b79f770050c
4840,Monterey,Stoney Fire,e54fa953-24b9-4581-86f3-9931fdf3ca5e
4840,Mono,Springs Fire,226da8c8-26c0-49d7-b5ef-952cd969f918
4824,Los Angeles,Marek Fire,ca1227b3-1458-44c9-b32e-2994e309f940
4772,Mariposa,Meadow Fire,8bc9d00d-5f81-4a73-b14f-8145890c8d50
4736,Trinity,Ruth Complex,9eb07177-e62a-4f5a-adeb-e95508e31959
4689,Mariposa,El Portal Fire,3383fa93-aaf8-4f81-a980-5ba86b893039
4615,Los Angeles,Tick Fire,020310d3-7834-4f57-a125-eff0eb3f54e5
4564,Merced,Planada Fire,3de50f18-061e-40f4-8ee4-8a3d3ef25fb1
4531,Ventura,Hill Fire,bc95da49-28a0-4e56-88d9-72e7455063c0
4500,Solano,Branscombe Fire,0f754948-aba7-4423-b8f6-079f68d4d294
4474,Santa Clara,Loma Fire,2dfac408-d2ab-4ff9-94aa-91be9d07bb59
4347,Tulare,Meadow Fire,89c304db-e288-4582-90d4-884d57fd71f9
4346,Kern,Grand Fire,e0d038e9-0926-4c05-8317-ec7075a04b12
4310,Plumas,Minerva Fire,a95302d3-8574-4900-9d2a-daa33c55b70e
4300,Napa,Butts Fire,2437bb57-1d09-4892-8c26-a60661dae1d9
4250,San Bernardino,North Fire,3d81d2e5-d6e5-4368-864b-a9e29e7e5022
4240,Amador,Sand Fire,4d07ccc3-32be-4a1d-acac-18333884c97d
4100,San Diego,Lilac Fire,fc4fcd00-8eee-43e5-b77f-bbd0c1669744
4064,Madera,Lions Fire,b17eb5bf-c44a-4e13-99d0-bbdf5e8f8f67
4045,Kern,Way Fire,4b281a55-65b6-43e8-bab2-3689356d82e5
4016,Butte,Ponderosa Fire,7c9253af-4c43-41bb-b1de-44af15e0d83e
3929,Lake,Clayton Fire,a0950d5e-6f35-4023-bb60-6737146ba7bd
3895,Kern,Shirley Fire,8ede9823-938e-4786-97b8-a0f42b852cb2
3889,Tehama,Sun Fire,8f633ae7-b5f0-455f-a60e-13d9566e5844
3876,Monterey,Metz Fire,55fa95e6-f09e-42c4-889b-a4b5b63dccf2
3874,Riverside,Palmer Fire,cfa04438-152b-4f4b-a712-4343af8c7fcf
3716,Tehama,Lane Fire,299d84d9-ff65-4669-bcd7-cb5abb191c75
3712,San Luis Obispo,Roberts Fire,50f908c4-841a-4125-8563-5c3e1866ff8a
3676,Mono,Walker Fire,a195c911-2179-4591-ab00-e67297f2db04
3674,Humboldt,Mill Creek 1 Fire,d3ead5e1-12bb-4d27-8c1d-c723c0747265
3505,Sonoma,McCabe Fire,b4bc1480-cbb8-4ef2-8d5f-88a496d21d10
3435,El Dorado,Caples Fire,451c3012-2831-44c1-8fc7-146fd02d2ce0
3380,Lassen,R-1 Fire,4ee8f023-1c92-4266-bb79-d41fdb3a5826
3380,Los Angeles,Charlie Fire,4fa2e1e0-a920-4991-beb6-3c080b6c1500
3166,Riverside,Summit Fire,a1b14be5-a8cf-4e40-8588-96becf4c5879
3142,Siskiyou,Young Fire,687e2987-2306-477b-bbaf-0d5465eb1e7c
3126,Santa Barbara,Cave Fire (No Longer a CAL FIRE Incident),7555692b-f672-4660-8f15-d0dab068a193
3111,Contra Costa,Morgan Fire,e33b2d80-7fec-4470-9e79-440d349b0d95
2995,Kings,Five Fire,0ba9a90d-6615-4fa8-9a10-3efb660437ca
2956,Tehama,Apple Fire,22fc8e84-ae8e-4a10-a9f3-828464616253
2950,Kern,Tarina Fire,676aa48b-d962-4026-a354-db047f14233f
2944,Fresno,Curry Fire,423df2bd-4464-44e0-8b8a-74f953613287
2940,Kern,Hawk Fire,1652d79a-f4fc-4151-a0d1-1b7366730f47
2883,Inyo,Georges Fire,09395db0-1c76-43c3-a3db-d18081b31a35
2860,Siskiyou,Pony Fire,103e1cb6-0a02-4ca8-8739-4cf77b5d1c98
2819,Mono,Clark Fire,afa76746-3e42-48ed-bff6-e65ef40c6037
2781,San Diego,San Felipe Fire,859479e3-918c-42c6-bb74-5fdc17930a16
2700,Alameda,Tesla Fire,8fc920eb-ca45-4d77-9a92-1326eca602d6
2662,Orange,Canyon Fire,0176a674-c102-4854-92af-7d09aa3e1430
2652,Modoc,Soup Complex,92c20948-6ff6-4a2c-b13f-32c75e71b16c
2575,Plumas,Eureka Fire,47988f74-d4bd-4ddd-814e-22ebc2ca5ccf
2575,Lassen,Willard Fire,1243f711-c29f-4bc3-a7e7-c705a6fc40f2
2546,Monterey,Lonoak Fire,35ba5eb8-520f-4660-af60-9e0e00e7b42b
2534,Tehama,Ranch Fire,69d98a94-4980-4dc0-b388-61c37c635f32
2520,Monterey,Coleman Fire,b8cf80c7-b617-4fe4-91b0-43b40d38c7f6
2512,Yolo,Sand Fire,1760d7f8-57a2-4a04-b7e5-0861cc0ee963
2500,Kern,Refuge Fire,6f329208-5aa0-45fc-a4ec-db9caf865ca7
2490,Napa,Snell Fire,db2344ac-f195-4f94-8999-e8c8ebb4a7a2
2462,Butte,Swedes Fire,0758e1c0-95ea-47e7-b5c1-5f3ea96bc664
2446,San Luis Obispo,Cuesta Fire,fde8f46b-0225-4489-be2d-68453a524190
2438,Lassen,Long Valley Fire ,2ce810c9-88f1-4efe-9254-8cbd339d2397
2422,Stanislaus,Rock Fire,4edb5c7c-08d6-4ae0-b8b3-7bb471e26d8e
2312,Kings,I-5 Fire,2f2a4afd-06f1-4b57-b3f2-db8e3d9ac05c
2304,Nevada,Lowell Fire,d6b4bed4-f3d6-488a-a2fb-54c7cbfbd8b3
2304,Ventura,Pine Fire,8653f541-d3ca-44b4-9edd-5a4a57349f2f
2295,Tulare,Indian Fire,345f6faa-9946-418e-8a60-d5cb9efb3af4
2290,Glenn,Chrome Fire,1d926fc4-0f23-47dd-a750-5e7fac4ad416
2289,Tulare,Roadrunner Fire,eff9d678-293f-43aa-96af-c5cf3203b31f
2269,Yolo,Winters Fire,a7509e35-3083-4306-bcce-ebf6d101b62a
2241,Fresno,Goose Fire,bd2b7bdc-0f92-451a-a3a5-03569d27c952
2236,San Diego,DeLuz Fire,9fb847ce-44c7-4a11-a733-a6cc82838671
2225,Monterey,Turkey Fire,c7152819-8f07-489c-a219-b58bed82733e
2207,Lake,Sulphur Fire (Mendocino Lake Complex),0f32c2db-7d28-4cf6-85b8-44b53899c8eb
2162,Solano,Nelson Fire,2ce8de99-7e66-4de8-9426-48a4fc8500ac
2143,San Bernardino,Etiwanda Fire,13bfff2c-cb2f-4ed9-a7f8-6985646a2d5d
2100,Modoc,Eagle Fire,656c37d9-6876-47ba-bf8e-ec6c351c3595
2100,Fresno,Sacata Fire,59084c8f-904c-42cb-9aa8-cae4a1f8c6ef
2070,Inyo,Pleasant Fire,3d866877-330a-4a14-b5bd-48675955af64
2060,Tulare,Fish Fire,a4de6058-c68c-4924-bfb5-dc8ecc3b54c0
2056,San Diego,Gate Fire,c4d0a25f-02f6-4877-a944-8f5d50bf2335
1995,San Diego,Cocos Fire,1b1cba8f-7893-4eea-82d9-dc78663fd911
1984,Santa Barbara,White Fire,abc61995-8bea-4be1-aa49-ee378ab3baaa
1975,Inyo,Cow Fire,c3b236b9-3a1d-481d-b1eb-b0aa77c5b462
1952,Los Angeles,Colby Fire,1fe0ea01-23e8-47a1-8fbd-ced6cf655e4d
1926,Riverside,Tenaja,f68808fb-a705-4083-a136-1a45c61c7f74
1900,Shasta,Hat Fire,ce93c72c-eb9c-4176-a2b6-7750a4a6bb20
1872,Siskiyou,Lime Fire,5c74d3fc-eaeb-4a75-9a07-5f8af961237b
1868,Sonoma,Adobe Fire (Central LNU Complex),9a5c9879-2e18-41a4-88d6-2360203dae79
1850,San Diego,Horno Fire,8049295f-23fe-4c7e-9be1-cded644dc737
1816,Monterey,Parkfield Fire,a21faf4f-3628-4e24-ac64-8471d9d12560
1806,Ventura,Easy Fire,00e6d6d5-f168-45fa-817a-f7758a5170b7
1800,Merced,Wright Fire,63a81990-8521-409d-9c22-92d1c33e0353
1791,San Luis Obispo,Park Hill Fire,99cea36f-5797-409d-8be9-8140b2e63320
1785,Kern,Deer Fire,140def53-175c-4f5d-b8e3-de0643781ff7
1764,San Luis Obispo,McMillan Fire,88a285bc-0dc7-4c51-a35a-5026850b0a6d
1756,Merced,Nees Fire,92c441f3-4729-4ba5-890f-fb7693725275
1751,Trinity,Kerlin Fire,3506eaf5-e815-4a7f-9c52-816fe5eee7d5
1749,Stanislaus,Creek Fire,7f33fd28-9a93-438b-84ca-0e57e7c441f4
1708,Mariposa,Carstens Fire,bb2eb175-43a3-4a5c-bff6-e3669e52c1d1
1680,Kern,Nicolls Fire ,45abd556-f41f-4507-91a5-1cf2f751bb4c
1678,Shasta,Creek Fire,b900fe52-8900-4578-9745-58036920a1ab
1660,Sonoma,37 Fire,fe6e94d7-7b47-4992-9a52-787e1fad8171
1651,Modoc,Modoc Lightning Complex,8f48a8a9-facf-49e8-92dc-ea1147e53792
1649,Fresno,Park Fire,f44aec62-5d1d-422f-9ff9-dbef80e4e27f
1626,Kern,Quail Fire,ea019efb-52d2-4f08-8d04-20b680e2361b
1598,San Luis Obispo,Hill Fire,81b37451-57b5-4050-a54d-e9750f84a567
1548,San Diego,Bernardo Fire,9e5ee790-ee7e-4b40-b300-7a3046901162
1547,Sonoma,Sawmill Fire,8d9b87e4-6fdb-49e4-ba6d-be85ffd6b222
1542,Trinity,Saddle Fire ,2aae391b-7b00-47d9-ba73-d71ad706bdad
1538,Fresno,Derrick Fire,e3e75be1-8dea-4022-975b-34a0f25b57c0
1522,Kern,Highway Fire,1b01181e-fbcb-4dc4-86ec-cfddc864cc34
1507,Mexico,Border 8 Fire,74b94fe9-3524-40ce-ac18-ee637bf66f15
1503,San Bernardino,Holcomb Fire,b5dd68e2-ec95-47cd-a126-d5f6f0f2b49a
1500,Solano,Nurse Fire,b8fe54be-15a8-4088-b0bb-16992df93a7e
1500,San Luis Obispo,Yankee Fire,d963ff00-9c98-4bc6-a3b3-4856d8192e87
1470,Riverside,Bogart Fire,944e953f-ed28-4b99-8d60-d352c702e6f9
1469,Modoc,Gulch Fire,00089805-cdee-4607-8b67-1653bee463bc
1457,San Diego,San Mateo Fire,b0b5efed-3edc-4a4b-97c8-95a79d12d0c6
1450,Merced,Creek Fire,26c17f1d-6524-44b2-b126-4d411ba823c8
1431,Madera,Oakwood Fire,d11a4f65-9523-40d8-989a-6603705e9638
1383,Riverside,Falls Fire,4867ac70-663e-48f4-b9ae-ca0a486234ca
1375,Shasta,Gulch Fire,b22e378f-bfbc-40b8-aaa7-29ec6db13db1
1352,Los Angeles,Stone Fire,5340807b-1be1-4894-b446-c81c46456641
1350,San Bernardino,Valley Fire,b90be7b6-e9ec-4a18-a910-957f700c6ed6
1350,Kern,Garden Fire,0f4499f5-846c-4791-994e-81df04fe691a
1350,Riverside,Opera Fire,c254df3f-a241-4983-a880-e12944a9f7b2
1350,Sutter,West Butte Fire,23cee99c-662f-4409-80d0-b9eb3a6287b3
1333,Merced,McCabe Fire,506eefb2-cae3-48dd-bd92-315ad1782184
1319,Kern,Caldwell Fire,340e471a-a37e-47dd-90da-6c9f35b7eb3b
1314,San Benito,Airline Fire,df2538f9-20c9-4d40-9a64-9d6334b6f7d6
1301,State of Oregon,Ward Fire,e3d66b1b-3b3b-40a3-96ec-574c1a27cbe9
1300,Mariposa,Gaines Fire,547b7d19-9b75-4c11-8b88-56adb6460a3c
1286,Sacramento,Latrobe Fire,8cf9e7dc-74b9-4b97-9a03-f523f3eff56f
1271,San Diego,General Fire,07a5397c-a665-4f84-9a82-5f689cb2c8f3
1265,Inyo,Moffat Fire,a339b368-ec58-463e-9a26-9af37c938f49
1261,Riverside,Patterson Fire,693a86e6-8985-4e70-8ba8-869786ff538b
1246,Merced,Dinosaur Fire,ec90eb29-e776-43da-a814-0c41463ae3c9
1245,San Diego,Roblar Fire,78eccd24-9fe2-4ccd-90fa-a1e0fdc19b41
1200,Kern,Tarina Fire ,4ac3161f-79e7-494f-88e4-72a69ef1d96b
1200,Sutter,Butte Fire,ea58640a-7837-4d93-a145-96e48b7df8ee
1165,State of Nevada,Jasper Fire,3086ac2b-bbb3-4321-81e3-3cfdb9e571e9
1127,San Luis Obispo,Boulder Fire,107dd529-31b8-4b5f-ab09-4aa79c770d4b
1120,Placer,North Fire,d8235a76-7b43-4e23-8f60-dc308c250fab
1109,Los Angeles,Sage Fire,79b446a4-d809-4aa2-9f30-091a05ed697d
1088,San Diego,Buffalo Fire,081c7307-b328-4b64-869a-dce8718bab11
1086,Monterey,Tassajara Fire,1f54817c-8832-4a47-8ede-ab8072f52677
1083,Kern,Hudson Fire,27759042-9df3-4d57-951e-f5727bcf013f
1080,Tuolumne,Marshes Fire,3a4871dc-2299-4934-8a31-b92780fe31a3
1080,Mariposa,Dark Hole Fire,c7f39aa9-394d-4d19-bcd9-a8ee4f036e01
1070,Tuolumne,Power Fire,1e8441c2-f426-40b4-9f4f-3de9f7e232b9
1049,Riverside,Highway Fire,8e3c0b14-01e5-4c41-8641-ff987ac10ad9
1044,Riverside,Blaine Fire,c57ff6c2-e5df-48c5-831c-1dbad73df5ef
1042,Butte,Lumpkin Fire,f7067bff-efb4-4ca6-a627-6145836857ec
1035,Madera,Mission Fire,297d6516-ce4f-407d-93f8-9669dc6fd392
1020,Plumas,Chilcoot Fire,d3213d2a-4b10-4eef-b8df-bdebc5cd948f
1020,Lassen,W1 McDonald Fire,94cdd032-ea04-4713-b54a-dc3476635684
1014,Santa Barbara,Front Fire,8dd81979-48ba-48db-bb24-e4f1bf85d262
1011,Riverside,Sandalwood Fire,7ff84b11-c3fb-4f5c-8a00-07243d4a4e33
1000,San Diego,Range Fire,bd671dbd-dd3c-413e-b453-4002e382325d
995,Shasta,Berry Fire,4a015862-8ac1-4c91-aa4c-c9831630b75a
993,Kern,Breckenridge Fire,53a9be88-6d10-483e-8dc7-59cb84326ab8
976,Fresno,El Dorado Fire,17a7d561-bee7-454d-a0aa-ac450907f6fd
974,San Luis Obispo,Gillis Fire,1fd11e53-a132-4b89-bc8f-f7061f685ad3
972,Mendocino,Eel Fire,fa745e18-be7a-42e0-b3c7-30333ddcf3aa
968,Orange,Silverado Fire,568ea489-caa1-43c3-928a-9d0b836c0c54
962,Butte,Stoney Fire,3c17be70-66f8-4df2-97be-873fe924d99c
920,Madera,Corrine Fire,fa8ba2dd-c9f7-454a-870b-1b39c0d8b31a
917,Monterey,Pfeiffer Fire,0681ea77-2e43-43c4-9ae9-34fb168c0c03
900,Mendocino,Grade Fire,95cd2f17-1278-4cc9-90f4-000e4eba415a
867,Yuba,Beale Fire,f31a117a-572a-4956-9797-ad08e3933bb7
866,Riverside,Wildomar Fire,561d4f1b-0827-48a9-8034-e783d2761945
865,Tehama,Campbell Fire,353e7df7-440c-4c41-a27c-b35bb1e2831c
860,Butte,Meridian Fire,88e1ae5b-593f-4d0d-958d-bd56a877a535
859,Lassen,Poslin Fire,06664fe1-c56c-4a00-833c-f9f3f6d6d18f
856,Tehama,Dale Fire,3b576efa-90b7-4b87-983d-b38630e10576
850,Butte,Saddle Fire,c94fda40-ab7a-42d1-bfc9-ca5f39fb6e7d
835,San Luis Obispo,Belmont Fire,e2d77e59-b831-4267-a50b-89ede499a885
825,Amador,Irish Fire,be804253-e994-4f40-9e07-5c215533231c
822,Yolo,Eighty Eight Fire,e51ff5f0-09d5-42f3-8bed-c1c6eb85d245
821,Nevada,Lobo Fire (Wind Complex),29c37ab7-3af9-458f-b6d3-72023a8c1046
800,Los Angeles,Lake Fire,c982daaa-a785-4dfc-a366-1950974028af
794,Kern,Shirley Fire,5421868e-52ba-4737-8169-325e0aa040e4
775,San Luis Obispo,Yankee Fire,e6308517-0b7c-4efb-9369-b9aa3fe3ad14
760,Los Angeles,Placerita Fire,c940ef85-44ce-4684-bce3-7cbbf180cefb
757,Contra Costa,Marsh Complex,1f576988-2ad0-4a7b-afed-f650caafc579
756,Tulare,Creek Fire,8faaa845-634f-4f94-b25e-f5ae78703da6
747,Sierra,Farad Fire,61cc4072-7db6-4fd2-bc9a-652728780c67
745,Los Angeles,Getty Fire ,e693477a-37d2-4aba-9e73-a63421a2b3a6
712,Los Angeles,Lake Fire,39af7eac-c188-411f-8c8a-d165c5fca4a9
712,Kern,Rancho Fire,591a56a5-e9c0-45a0-96bd-34098588c39b
710,Siskiyou,Grade Fire,a2a6199c-704a-4826-a51b-23e6ee123349
703,Mendocino,Burris Fire,9cc1af36-29f2-4af5-afa7-23b9ce17630e
700,Placer,Sunset Fire,4f3f4f66-871c-4d50-bd3f-f641210552c9
690,Tuolumne,Jacksonville Fire,51e42770-97b4-4204-af57-8ab56992eb71
680,Mariposa,Peak Fire,c7a0a280-17c9-409b-85f9-fdda301b6ede
677,Mariposa,Hunters Fire,8d3451be-f3be-4a8b-b747-ab121f0d52cb
673,Lake,Elk Fire,0eed7005-6ace-4eb2-8919-eb131c246f84
670,San Bernardino,Mart Fire,a3159a43-d38c-4655-9acf-371bc9a6213b
670,San Benito,Cienega Fire,8e71e23c-6161-480e-b8ca-f03147475e4d
668,Tulare,River Fire,b83feee5-a799-4481-bd25-1d4cc3befd7d
650,Mono,Marina Fire,1bc85249-0d96-42d7-a23f-db99bdce17a4
650,Monterey,Gulch Fire,3bb731cc-eb21-421f-b5f5-4949346dc316
646,Lassen,Tumbleweed Fire,b307b3b5-529a-4dd0-ad30-e678180a6174
640,Alameda,Grant Fire,d0e1cdc0-9dea-467a-8ae8-040e0f94178d
632,Santa Barbara,Miguelito Fire,d08b0c4e-35d3-43fb-8af8-1756b1789172
630,Mariposa,Ben Fire,d36387df-af2a-4b20-a94f-589fdccf67cd
612,Kern,Water Fire,86faecab-ed3a-4fce-95cf-89433a825c72
612,Madera,Junction Fire,58e7e466-8807-404e-9ef6-5a6ae11a0084
605,Tehama,Rawson Fire,828b2492-fc44-4fc0-97fa-f0b439e6fa0d
604,Placer,Baseline Fire ,ebc468e3-c2ec-43ff-95e9-c319a7ec3d40
600,Shasta,Mountain Fire,1bf3e829-5fb3-43d2-9179-6c337709df19
600,San Diego,Poinsettia Fire,cc18296d-573a-4737-8e4e-1221d75d1e7b
600,Stanislaus,Stuhr Fire,8edf51ea-1e4f-4e73-8e04-e168417ed39b
599,Humboldt,Tully Fire,da72b0c2-835d-42a5-8fa8-4de5442610cc
580,Trinity,Oregon Fire,3b954901-aa80-4894-b330-c287d47b68be
573,Tuolumne,Tulloch Fire,849ad1a0-472b-4cc6-a513-030491fa1ffb
572,El Dorado,Kyburz Fire,d778a3f0-2d23-43c1-b9bc-1ea33898fab2
562,Modoc,Battle Fire,a0ba8679-406a-491b-a20b-bba55d63bc5b
554,Kern,Fort Fire,fe112320-013f-434e-b66c-101234292711
550,Butte,June Fire,7ee82e4f-f5e8-4278-b4e7-e82c390b395e
550,Butte,99 Fire,e5122d1e-2bfc-4fa6-8152-da309e02c004
545,Riverside,Mias Fire,c3ad74dc-6842-463f-8808-05161a8ba570
543,Riverside,Anza Fire,592f14da-405c-4e6d-a83b-8937322524ad
534,San Bernardino,Mills Fire,6011819c-19ac-46c2-aa48-0ee8be0e48c0
530,Lassen,W-2 Fire,93fe220b-0458-4e26-827c-93883093681e
526,Napa,American Fire,74c3d01f-8809-40bc-a0e2-b1cc24bf1a7d
525,Riverside,Jerry Fire,8c666963-1f9d-43c6-bc3a-cab623d81f27
520,Riverside,Horseshoe Fire ,c9327432-b3d3-4ea1-b810-d339dc9e25c3
518,Kern,Range Fire,2656ad63-b3e1-467f-9982-0229fd31c0f5
516,Siskiyou,Boles Fire,ad164a35-8b27-4f96-b78e-952b08a333e8
513,Plumas,Plumas Lightning Complex (Hough),5015b3c2-2bae-4cce-9bf8-f1b25b0ce1e6
513,San Benito,Eastern Fire,5228fabc-64f6-4ccf-aedc-dc1e781277a6
510,Riverside,Gorgonio Fire,958ce6d2-97f9-4848-8620-d14ab87f329d
509,Mono,Van Dyke Fire,f1b8fec0-ff6c-413d-bedb-d2e9c9ffb764
506,Kern,Ming Fire,39967485-2cf1-4f0e-9cf1-ccfd25f6e2bf
504,San Diego,West Fire,2a1c14d1-2a88-4564-bd09-585e09ffc9a7
502,Modoc,Fox Fire (formally 3-7 Fire),8b51033d-abc6-4ea4-8983-990ad4e1c45e
500,Madera,Sky Fire,3a9bd55c-a384-402b-b673-2563200ce59e
500,San Luis Obispo,Branch Fire,213dc89e-9f29-4480-91a6-aec5fb694999
496,Butte,Swedes Fire,63a43984-64ce-40aa-bbc3-98330a46353f
494,Riverside,Hill Fire ,8f23653c-1a4c-4609-bfb3-72b1665eab69
492,Contra Costa,Kirker Fire,522114fe-ada8-49a9-9bb2-5891103ff0ca
487,Tuolumne,59 Fire,1a0bbf7e-7f9b-4359-9c91-85dec2e2869a
486,San Diego,Deluz Fire,3d595f75-d59e-4453-b25c-48207b02f529
484,Alameda,Grant Fire,503cf916-4f56-4be7-8083-730122f686dc
482,Madera,Rolling Fire,05d0fed7-8502-4a6f-9c5c-b9cee0e75408
469,Siskiyou,Fay Fire,b383e4bd-6815-4624-936c-be57715ce50e
464,Tehama,Colyear Fire,69eaa890-889e-4be9-810d-3dcee8d55981
460,San Bernardino,Bridge Fire,1348f32a-510f-4ad3-971f-b75b9cf9f0c0
460,San Luis Obispo,Red Fire,a1554868-0f98-41d4-9132-1f0bbf10b22c
459,Placer,Applegate Fire,d71ab3e8-ead1-4d54-b489-2a2f23073d8b
450,Fresno,Monterey Fire,a9d270c5-aacb-4dad-a34e-ab28a7192248
450,Calaveras,Willow Fire,db833182-22df-44cc-ba10-0901e74222bc
448,Kern,Mesa Fire ,1f0d1a35-bf41-45d8-b3b8-26cca8d2d83e
448,San Diego,Caliente Fire,ca65fae0-e6d7-4600-890c-62da03753131
444,Santa Barbara,Rucker Fire,f839c34f-de3b-4e79-9b4f-e3502557d32b
441,Shasta,Fiddler Fire,67c0a269-05bb-4b4f-af22-68a1c5ac3adf
441,Lassen,Hyatt Fire,218619b5-ad0c-4238-8e31-ab6d98932a73
430,Tulare,Triple Fire,9e2f6af4-ea45-4163-b6a1-e1fe9571fda3
429,Madera,Eastman Fire,32d7eab5-d948-4be0-af69-b233e311d2b9
426,El Dorado,Table Fire,2725461a-6ad1-43fd-8b83-5e219df4d558
423,Mariposa,Hunter Fire,852f3058-ccaa-4877-8e8e-f5b8a9649936
422,Los Angeles,Skirball Fire,2aad53ef-d6c3-43dc-92e6-b2f9881ff161
420,Santa Barbara,Real Fire,baa2a51c-40bc-420c-9f88-db4783872d65
416,Tulare,Elephant Fire,0d93e84b-8460-4d5d-946c-630ade76747d
415,Mariposa,Tenaya Fire,d01b8e54-43e5-4643-8742-a14e1c2980f8
415,Los Angeles,Calgrove Fire ,e61d1b0b-4f19-460a-a6ac-e83a6e0a05a9
413,San Bernardino,Gobblers Fire,b202bd85-c5ef-4bdf-8270-d556f95c3742
410,Modoc,Dode Fire,f09f75ff-d9fe-4a25-89d0-75dc98d1fe30
406,Inyo,River Fire,094719ba-a47b-4abb-9ec5-a506b2b9fd23
403,Mendocino,Black Fire,60b1ae62-1688-44b3-8447-66785e692e92
400,San Diego,Jennings Fire,04b54dc3-10a2-4fdf-bfa6-60a1fe2b0f7d
400,Monterey,Encinal Fire,cb580f06-5d43-46aa-8b2c-f2b5a21eff02
400,Monterey,Metz Fire,7fc0b9c8-dec7-430d-9790-1bbebae404eb
400,Butte,Swedes Fire,7428460d-f47d-45c0-8a86-3fb653829860
400,Yuba,Beale Fire,822c934f-11be-48a9-8e60-f3f6802ef24d
400,Fresno,Sonoma Fire,eca1021e-dfea-4dec-8470-c0eb7e4d479b
395,Tulare,Tule Fire,954fb899-decb-461b-a0dd-76442e3370d3
392,Nevada,Pleasant Fire,f571f91e-bc07-450c-8822-3ecc61a27863
391,Santa Cruz,Bear Fire,b3627eac-9f2f-482a-81a6-681e60b5b24a
389,Butte,Web Fire,69b38608-fab1-4df5-b9e9-0fd28bc505ba
381,Tulare,Broder Fire,737ef617-abaa-44a1-9bbc-f46240468b8f
380,Modoc,West Fire,31b0e75c-b0e2-4796-b8a7-efc49e4c59a5
380,Modoc,Howard Fire,97772dc4-7fde-4412-982c-974b3316e22b
380,San Diego,Highway Fire,ebea3cc2-c0ad-4de2-829a-0b544183461b
376,Napa,Putah Fire,1f94fce5-49a5-4220-bc99-f003ab4d3e60
375,Monterey,San Ardo,8811a5f8-b99a-454a-9af5-6753579c8d45
374,Los Angeles,Lincoln Fire,0011ce0f-5493-4bef-b6e1-4674a0393b0c
372,Amador,Rancho Fire,5689b708-61e8-4451-8ad6-68d9684704c6
370,Contra Costa,Willow Fire,2adaf964-e996-4e55-a616-ac42375ee156
370,Mono,Chris Fire,23353f29-33d4-4a7b-b78e-66bc761a55c8
367,Kern,Call Fire,5eab06a3-5deb-4934-98a7-7c42eb86cbf9
365,San Diego,Pasqual Fire,2b56b06d-46d6-43f2-b474-2598dd163e82
360,Madera,Oak Fire,6b6dff76-8fab-4852-a71c-e735f87bd6fa
360,Tehama,Hog Fire,060ef833-2d3f-47d4-a1d4-146d1b9a5928
357,Fresno,Creek Fire,0ed54526-1296-4863-ae40-613ee456899d
355,Placer,Foothills Fire,77d64e4c-a50f-4f4d-a750-e6a6f0ddadc9
355,Amador,Ione Fire,c3f64286-b2a0-4ab1-9f6b-d934d5b82228
354,San Benito,Tres Pinos Fire,ca68f3c4-4906-4952-b794-4531d7da8369
350,Riverside,Reche Fire,8739a46c-9d9b-464c-87d0-31738601d96f
350,Riverside,Pierce Fire,af1dd364-be2a-4818-81fb-dea0e527d6c5
347,Butte,Shippee Fire,a3ba8fc0-37f7-4c1a-9386-627d3369a03e
341,Calaveras,Pacheco Fire,85832754-5848-4454-84fc-8b0a9abbff40
340,San Luis Obispo,Stone Fire,743b2276-742e-4d25-be9b-60364ca880f6
339,Tulare,Dinely Fire,6802ed2f-5a5a-4a38-a236-e5a688639b6f
338,Inyo,Owens Fire,574b0b35-4c66-44ac-8797-3eadf09e495d
338,Kern,Rose Fire,09e74687-85e7-488f-a5c8-8a11f75ab7d8
333,Humboldt,Red Fire,6d75c6a4-12cb-4f18-8951-f2737e980916
328,Shasta,Bascom Fire,9fe34773-10d3-419a-a6f5-4ddb2d43a145
328,Riverside,46 Fire,e59fa47f-0f47-49a9-a2c5-092cfaf68ed5
325,San Bernardino,Bryant Fire,093bdb67-4c14-402d-a034-3714b7125c49
320,Santa Clara,Country Fire,0dd9bca6-35b9-4a75-8f3b-a5e57e1b90e7
320,Madera,Courtney Fire,614efdbb-937e-47a0-9ffd-919e5e0de436
319,Del Norte,Marble Fire,be5275b7-1472-4423-a9c8-0f2491179150
316,Monterey,Lake Fire,540b19a4-b84c-4d9c-9cb3-746b53a094b7
316,El Dorado,Shingle Fire,29a5f777-bea5-411e-9139-fe0d094616b0
311,Riverside,Jurupa Fire,99cb21da-9639-4300-9a97-1cadc993189f
311,Mariposa,Dog Rock Fire,ba17d495-8ce6-4a0f-a3ba-487bd877969e
310,Calaveras,Appaloosa Fire,902a3085-e518-4090-a2e5-20d0482b4dc2
306,Kern,Flat Fire,376f08dc-071a-4ef5-9035-cf61b4f2fa3b
305,Butte,Summit Fire,d922e7c8-814a-412b-a40b-53072d0983ea
304,Kern,Havilah Fire,fa457abb-66d2-4f82-80fd-452e824e871f
303,San Joaquin,Shelton Fire,0b51d59b-457d-4a62-b066-55c2b8d400e2
300,Merced,Gun Club Fire,deb3922d-eba2-4f08-abf7-d453d14e32ab
300,Butte,Hwy Fire,b8e5a940-0fb5-4c63-93ab-a855cfdc4e0c
300,Trinity,Flat Fire,70ff3ebc-0d1f-43eb-ab56-1ff13fe9c9e3
300,Madera,ONeals Fire,9662b158-b17f-4386-867a-3afa5ea28929
300,San Diego,Alpha Fire,32708961-025a-4bf7-88c1-8cd91bbc3cce
300,Alameda,Site Fire,186f5cdd-aa7d-4f9e-84ae-83112801c790
300,Los Angeles,Warm Fire,15b01fbd-1962-4092-bcc4-d95ab7fafea2
300,Mariposa,Bridge Fire,987ced78-a554-4a1b-a2f2-2f8329292067
300,Riverside,Liberty Fire,e1a8e4f1-ba7c-431a-a8c4-069fa3d3d36c
300,Sutter,Butte Fire,f669c502-b400-4ad9-ae95-bfd9c31f903c
298,Butte,Lone Fire,1a5192f1-bc99-4130-8683-381e0534b76a
296,Lake,Becks Fire,7a4a3552-3bea-4428-984c-e2edef13980f
293,Kern,Twisselman Fire,82aa9789-b558-46a0-ae5d-683e18423b17
290,Calaveras,South Fire,a1e73f5c-68e2-4109-b741-046eb7349265
289,Monterey,Cross Fire,207f72f7-1453-40dc-919e-3551f7041b22
289,Madera,Eastman Fire,eeb859ef-dc44-48e2-a2d7-dce44bc47d01
288,Kern,Bravo Fire,0fc2a05e-689f-4c7c-b2b4-a987840b4f2c
283,San Joaquin,Hollow Fire,89db8bb4-6e3b-4de7-b7d9-287c1a9032c0
282,Ventura,Chorro Fire,7e1e0693-4690-4d11-afe6-74652d68c3ef
282,Riverside,Skyline Fire,022bee6b-1559-4792-a2d2-014d3adfecad
280,Monterey,Mill Fire,233708cc-ed2d-4b85-ba8c-60cf71c912c8
280,Trinity,Rams Horn Fire,b24dc89c-632d-46a1-8984-2ce037e37834
279,Ventura,Snail Fire,1b6cdbc8-4ab9-49e9-b6ed-e38d55e263cc
278,San Benito,Panoche Fire,68957772-711e-4874-99f2-2b9267dbe725
278,Fresno,DeWolf Fire,09ab0430-7679-494c-96d4-d7d938351cf4
277,Yolo,Creek Fire,eb0fe9ad-f9f5-4bde-ad34-527ffd647669
275,Merced,Forebay Fire,316804d6-471a-4c73-8b05-89b8abc8eeac
274,Los Angeles,Tecolote Fire,d805c9b9-da39-4771-965f-b3cd4c37c84b
274,Madera,Gold Fire,357ffc13-bef9-48eb-810f-c5de851972eb
274,Contra Costa,Concord Fire,95399a9c-8b3e-4413-9f56-5ed57d3d81b3
269,Tuolumne,Hetch Hetchy Fire,b5d32131-cf00-4e34-9e08-b74d68a3174f
268,Contra Costa,Valley Fire,53770321-4d20-4db9-bfad-754f9eeabc2b
268,Los Angeles,Madre Fire,eb5a3f2a-0c25-417a-af78-bb0d643247c7
268,Tehama,Stoll Fire,72999057-198b-4cd2-a316-2e854ef9a7f8
265,San Diego,Recycle Fire,9ededdf0-b250-49ec-999d-eb988dab08a9
263,San Diego,Lyon Fire,f6f6fefa-ac4e-466f-815e-492416e37b98
263,Lassen,Snowstorm Fire,0f965f2f-3977-4ba5-bf7c-29feef27ee82
261,Tehama,Wilson Fire,d0ae0a7f-dd7b-4cb1-8f4a-2a784a17d6d4
260,San Bernardino,Little Mountain Fire,eb87224a-f7da-4432-84ca-03a706ee3bac
260,Lassen,R-6 Fire,393edada-d2bf-4a33-94f2-2d2123357015
260,San Luis Obispo,Fox Fire,91b94b02-cd05-471a-a4e7-5168d56c46ba
258,Santa Barbara,Santa Cruz Fire,f87005f7-c31b-4135-989a-ee5611626b3c
257,Tulare,Citrus Fire,11e0324e-e8ff-4591-b592-9e704ade60d6
255,San Diego,Lost Fire,918e4e6c-7814-42ed-9cd5-aa11d29367da
250,Riverside,Sycamore Fire,a14c1f49-8e49-4709-a21b-6c06471a1002
250,San Diego,Rangeland Fire,8dddf572-84de-4b20-b740-f5c7847cec3b
248,Plumas,Tobin Fire,abd0a296-217d-4a6a-9da0-5eb05f56f863
247,Nevada,Dog Bar Fire,a794ecf9-2e8d-4721-a272-a3e66d2e7621
247,Contra Costa,Marsh Fire,df681456-a50e-4400-a95a-77533a0978ba
245,San Luis Obispo,Huasna Fire,c64e288e-d258-45e0-8357-b7a7289c0b92
244,Mariposa,Lake Fire,6be8378d-9a89-40a3-bc66-4fc0ab22ebc2
244,Trinity,Henthorne Fire,791059a2-b50f-4ab0-924a-bfdac001e4b9
243,San Bernardino,Sharp Fire,62eabea3-40be-497d-94e4-150f011b925f
242,Alameda,Christensen Fire,7c162fbf-922c-4128-9e30-a1e8848e15ab
240,Alameda,Vasco Fire,2ad509e4-99f1-4e1a-81eb-839f772f9c45
240,Alameda,Harte Fire,4affde91-31a9-4588-bf14-7201fc5c548b
237,San Benito,King Fire ,e84f2562-1126-4255-9df4-dd7a32460e43
237,Placer,PFE Fire,fe47b1c2-b9c0-44be-8d10-f270056db35c
237,Fresno,Murphy Fire,a8567989-a0c5-4c31-9012-82f99d76129f
236,El Dorado,Largo Fire,fd0a69a3-91d5-422b-bab4-dc6a4b0de134
231,Contra Costa,Deer Complex,248bba19-4fdf-4285-a210-1334454ad80a
227,Mendocino,Mendocino National Forest Lightning Complex,8c030522-da26-492f-80e2-a249e741d9cb
227,Siskiyou,Kidder 2 Fire,69b0cca6-c0c6-4a96-8f61-07ebb0ff9dc7
226,Glenn,Daves Fire,f3a3c56c-d2fc-49df-b0e2-ab36356b17d4
225,Mariposa,Spring Fire,3980fbbb-d17b-4deb-83a4-9af2290b5272
225,San Luis Obispo,Arrow Fire,5b3329f4-1e37-4b5a-9ed6-6f8d74f495c3
225,San Luis Obispo,Camp Fire,048c085b-3162-4906-beef-7aa2ba1b868d
225,Tehama,Tehama Fire,724209e0-12b0-4d49-b798-8ccacf95e668
225,Mendocino,Moose Fire,c8f94c30-d0ee-450a-8501-30678aa37c0f
224,Siskiyou,Steamboat Fire,052acbfd-0552-47ac-8be7-6f79b4aecf0e
221,Kern,Onyx Fire,0dc19167-07b3-45e6-9bad-ad070934616a
220,San Luis Obispo,Lopez Fire,840010ca-aef0-4f91-b771-3bf196317d03
217,Glenn,306 Fire,5649e78d-7c26-4698-89a0-b0fa9a35cf78
217,San Diego,Banner Fire,d2623c2c-ff3d-419e-a129-b3aa542c05c4
215,Siskiyou,Petersburg Fire,6103c099-a3eb-481e-8a76-1296f5fdb25d
215,Lake,Peterson Fire,02d470c1-bf41-4ff9-9424-f680cef5bbbc
215,San Benito,Beaver Fire,b3ab43c4-6f73-4ccc-a3ca-f2c54959f8b1
215,Lake,Reservoir Fire,489cea9f-b3cb-4615-b412-5ac5724c3976
215,Santa Barbara,Washington Fire,686e1300-65d3-4e07-8a88-e5952418649b
215,Santa Clara,Pacheco Fire,f58b224d-b7d2-4311-9d65-c7440a1ceb53
214,Orange,241 Fire,ca7da36b-1951-4d52-92b2-1a0b04aab586
214,Riverside,Wolf Fire ,24d9c2ae-8b11-4536-9b9c-5f4e0d476af0
213,Madera,Madera Fire ,f2629bc3-1c8c-4a97-95fa-7d08566dc246
213,Monterey,Tassajara Fire,0d38ff45-833e-488a-881f-30f24678c49c
212,Shasta,China Fire,efe937e3-8b63-4495-b578-e2582fb2166d
211,Santa Barbara,Mesa Fire,f3765dfa-fa7b-47d7-8914-a032f229a892
211,Alameda,Grant Fire,3822b8a2-1a89-40e8-b239-840cfcda7a1c
210,Amador,Camanche Fire,fef2ab8a-20d7-4dc3-b5c9-363aa1debef3
210,Santa Clara,Malech Fire,6f509c42-9d2b-45df-b705-02dcb9147dde
210,Humboldt,Bald Hill 3 Fire,d4523b72-45cf-4de2-8ccf-3905f1dc8dbd
210,Merced,Merced Fire ,cc06431a-5153-4f66-8ada-07af53c175c3
208,Kern,Tejon Fire,49dbe286-1cfe-4e03-a872-13185aae767a
207,Siskiyou,Lumgrey Fire,48d3b3c4-fcf5-47d9-920f-3b3c1b0f6fb1
207,San Diego,Rock Fire,e3406861-3e7f-4a4b-b16d-6004f3edc5e6
206,Kern,Bodfish Fire,2ef06870-3602-4f1a-878d-962f7259ad46
205,Riverside,Ribbon Fire,1f942827-c242-49a1-bccd-f2375be91ad9
205,Riverside,Eagle Fire,60770d23-70db-46f1-a19a-a23eaa409125
204,Tuolumne,Big Creek Fire,55a1ec97-90fb-48df-8414-203b91adcd76
202,Stanislaus,Milton Fire ,a03c52ec-7366-43c5-965e-52e2b73df452
200,San Diego,Dehesa Fire ,94cd8534-defa-4a82-b1be-42a2704c13d2
200,San Bernardino,Sierra Fire,f7358513-329f-4dba-8980-4cd3a19b469a
200,San Bernardino,Hillside Fire,dfc32e06-b88e-4d30-ae3d-22bc18792f5e
200,Lake,Skeleton Fire,089f95f8-8834-4cc6-87c7-15cb1aeca7b8
200,Alameda,Range Fire,89b5d4db-ce4e-43b9-8618-f89088d35ee1
200,San Diego,Eclipse Fire,2f1b8cff-f7d6-4459-866b-7c84bd531dcc
200,Riverside,Rose Fire,3dcf54bc-89f5-41b3-b797-5dcdf0e629e8
200,Contra Costa,Cypress Complex,d299dec7-b09f-47f7-80c9-859ddd1ecef3
200,Ventura,Olivas Fire,02e6023e-d306-4a67-a09c-b9224b98661e
200,Santa Barbara,McMurray Fire,4cebaf5a-70a7-4262-864b-fb3fe3b1d84d
200,Siskiyou,Stephens Fire,b3062936-6b2f-4177-b3f6-0fc288049339
200,Los Angeles,Pines Fire ,0c9948a7-98ad-4b42-888e-a7c2a4f536fa
200,Kern,Water Fire,f694c74c-adad-459c-b357-4cd2f10f16df
200,Merced,Bear Fire,cdd46073-0336-4003-8a06-161947985987
200,Tehama,Vina Fire,c94959d7-eb88-4724-8feb-ba0662afca10
196,Shasta,Burney Lightning Series (Warner Fire),f21a41c6-0905-4531-9bdf-2456d0051eed
195,Contra Costa,Vasco Fire,652938d9-2f23-41d8-a49c-30b218594762
195,Tehama,Paskenta Fire,4423899b-6197-4ef5-9f73-bca1763f17e6
194,Tehama,Tehama Fire,09425074-8348-4fbc-b95d-4939750f9345
193,Lassen,Doyle Fire,0ab090de-1ec9-41db-b6cf-c7acd370626a
191,Butte,Par Fire,cbf84797-7cc2-40a4-8157-d74c89792e9e
190,Santa Barbara,Wasioja Fire,06b43461-94d0-4379-a1d6-fd26ba93ceea
190,Los Angeles,Shoemaker Fire,accb599e-35b8-4d5e-8d13-d0e4b0e4a1eb
190,Monterey,Sargent Fire,f32eaf92-82dc-4c31-8a05-76c21845f078
190,Stanislaus,Stuhr Fire ,8f6c8f60-1daf-4c04-8507-dcc81656b8c5
190,Napa,Silverado Fire,79d476e5-0b4d-48e2-a105-2bba5c1140e9
188,Fresno,Big Fire,4cfb8712-1b45-4a2e-b0c9-6ed6ddde5657
186,Ventura,Peak Fire,c3b66e33-ef00-4874-a29b-b36640c16122
186,Fresno,Wild Fire,a8e4aa40-5e2a-4fd8-a858-d673576cda73
186,Plumas,Toll Fire,3becdf3e-b110-41ab-86ce-645e041d296f
186,Ventura,Rustic Fire,4c10bd30-e348-430c-9f12-932c8a03f6f8
185,Merced,Dinosaur Fire,fc911680-49a8-454b-be0f-d78cd957bd29
184,Kern,Rolling Fire,733028fc-bf0a-4737-878b-78a29c9ee2ee
183,Solano,Marshview Fire,f0577ec6-5504-4460-83ce-d9bd91624e0a
183,Kern,Quarry Fire,ec27a3bd-959b-48f3-872e-2c87047dbae2
181,Siskiyou,Cooley Fire,8b35629f-50f4-4b32-b286-ce48cb1200e7
180,Shasta,Laverne Fire,3c61a039-cf71-40da-89e9-bcc5a62e2c1a
176,El Dorado,Emerald Fire,81ef7517-ab3c-4d1a-8ddd-b5d69404676f
175,Lake,Indian Fire,b454456c-1fa9-4766-b179-6df36b4d844b
175,Los Angeles,South Fire,d6d4d085-1c3b-4ee5-bd2a-dd3779797e97
175,Orange,Aliso Fire,105b65f3-7e99-4cd6-8b0a-f78004c041eb
173,Riverside,Briggs Fire,89d10422-494e-4b60-8d52-07995447b12e
172,Santa Barbara,Ogilvy Fire,c9001401-a2b0-4cae-9e03-e60509342a53
172,Kern,Vulcan Fire,ee290ec6-3815-4c44-a96a-edb331fcc925
171,San Diego,Wildcat Fire,fc2ea6bf-e925-49f9-8390-9997c01b612d
170,Tehama,Sierra Fire,75ad696c-b094-4919-89e3-f879361f5151
170,San Bernardino,High Fire,1d8a8aaf-f294-46e1-8224-6ea3e8c39634
170,Fresno,Creek Fire,9a3df964-7794-411c-9043-967476fe77e6
170,Tehama,Black Fire,8d5b00c1-0ec0-43bb-a03e-822d5fe2af52
170,Santa Barbara,Olive Fire,cb5f34a0-177e-445d-9349-dd94063a01d0
169,Placer,Athens Fire,e0de216a-9544-43ad-9b9f-bc05247f0550
168,Sierra,Evans Fire,5882937b-ffce-43af-9e0a-00dcddde214a
168,Riverside,Hills Fire,a1b6ff5e-0533-408c-b02a-3061f60fb263
167,Kern,Flat Fire ,33b7d824-9803-4c07-8231-9cf210e34417
167,San Benito,Antelope Fire,ebdceb89-fa30-486a-94f8-3eff8eedbd67
167,Riverside,Bautista Fire,980c4c7d-dcc9-45b3-b5c1-181c1cd445e9
167,San Diego,Cutca Fire,d7757da4-f9e1-451f-8316-26065888dfc2
167,Lassen,Roxie Fire (Formerly 1-1 Fire),a18ed51c-1083-4f48-ab1b-6ae0c5454073
167,Monterey,Priest Fire,8a79c31d-0df0-4448-a855-b04cfc384825
166,Los Angeles,Fork Fire,9bffc947-2f15-4486-98df-9a632b2038a7
166,Butte,Honcut Fire,79fd7b45-381a-4819-9dc7-f80a98010809
164,Ventura,River Fire,aece9ff6-ddfd-4240-bb7a-894831d1a67d
163,El Dorado,50 Fire,4630e9ce-88ec-4159-9bc9-25ff5f8216cc
163,Tuolumne,Flat Fire,28d55249-7c63-4213-a7b4-c0796dbb18ca
163,Yolo,Capay Fire,0aa08938-eaab-4a60-8891-946197328f94
161,Kings,York Fire,85bdd89a-4ce5-4539-a274-23fa2b030e7d
160,Solano,Winters Fire,e9c8c0aa-4d21-4f09-9858-890ea163d580
159,Sonoma,Crane Fire,1460f2d9-853b-4901-bed3-ac196e00bb3a
158,Sonoma,Lakeville Fire,c9b5d1ff-c042-4b39-8bac-b10fb6fc6c13
158,Humboldt,Queen Fire,8be9d271-ed9c-4bc9-9c22-4eff8956ab7b
158,Yuba,Cook Fire,b5fa450f-9b84-4d90-9956-bda9dfe32f28
158,Fresno,Sunny Fire,63643257-f082-4928-bf0e-77a0417a4613
157,Lassen,Peg Fire,bfc6b8e4-8021-44ca-8f92-58c724682ba1
157,Madera,26 Fire,f62bd692-7aae-4e46-8284-239150acced0
156,Los Angeles,Five Fire,ed5e111d-e34a-42c0-9ce7-818270037c2c
156,Los Angeles,Wheatland Fire,ace1f464-7a70-4dcc-b8c5-d64fb1021d0e
156,Shasta,Cottage Fire,2443f637-15d7-4cf9-a405-133cf1748300
156,San Bernardino,Star Fire,d79e71f2-d827-465d-95a8-d80b6e54456e
155,Tulare,Spruce Fire,812a492e-35cb-4bb0-9e5a-1ec181d8b97e
155,Shasta,Gorge Fire,5dbbbc9f-deec-4c33-a172-19614492d860
155,Siskiyou,Hill Fire,e9862c12-da9f-4205-9993-91a3b1437de4
155,Orange,Santiago Fire,96781eb8-6146-4b96-a5cb-7457defea461
155,Alameda,Corral Fire,19ada70e-4932-449c-8483-d65685995487
154,Riverside,Euclid Fire,e1c9dae5-a2d8-4c97-8e6d-65937ade5e79
153,Riverside,Smiley Fire,54bad310-3a96-4019-b64d-61d00c559e6c
152,Marin,Irving Fire,65689d5f-910c-4e00-9bf3-e5626cd1361c
151,Fresno,Hills Fire,f12c92df-003f-42bc-9cb0-a15323f4166c
150,Riverside,Redlands Fire,d48a839f-d8da-44d7-9b35-b9f61aa28c61
150,Butte,Honey Fire,579d5d2a-0e51-4058-92c7-37abd7fe4aad
150,San Luis Obispo,Olive Fire,907cd7cd-cc26-4529-a9f8-cee1e1560086
150,San Luis Obispo,Lucy Fire,1c51deff-5b43-4f54-8acc-a682f830815a
150,Madera,41 Fire,9a555129-982b-486f-a333-c96b3f9c4d2e
150,San Bernardino,Tower Fire,45699833-fa34-4eed-9520-8c8019426122
150,Solano,Sky Fire,28b81794-bb66-466e-b9dc-337c47be5678
150,Riverside,Merwin Fire,1a06d125-d5c1-46bc-b8d4-08f31246f246
150,Del Norte,Old Fire,f66ae0d0-837d-4ea9-a7ed-6a78d9bde940
150,Orange,Holy Fire,d045584a-8838-4d64-91dc-3ebfbcd8e708
150,San Luis Obispo,Shedd Fire,1d76ca50-aa10-4f90-bd99-a80bcf2eacce
150,Butte,Neal Fire,28ffc826-6789-429c-9801-f3a02dbb320a
150,Fresno,George Fire,23ec2f69-da30-4983-80c2-1f04bfea6f9a
150,Stanislaus,Diablo Fire,873074c8-4b6d-417b-a78c-1d1430027805
150,Alameda,Highland Fire,6a48000a-6198-46dd-9a91-0b0159183145
150,San Diego,Dehesa Fire,5a633180-7b70-4fb6-b859-b5826775b5fc
150,Contra Costa,Sky Fire ,64104ca2-a187-4b11-bb43-e22253bbcb52
150,Ventura,Briggs Fire,c003df4f-d19c-4e21-a90f-81d3f14aaf99
150,Monterey,Nacimiento Fire,9d69b6cb-1dee-43df-83ca-b2b5485006d7
150,El Dorado,Sliger Fire,94e0a869-04f6-4265-9c1f-c53fbdde98ad
149,Los Angeles,Magic Fire,794412f2-1ba2-4217-ac38-49272a96fb6f
149,Mariposa,Valley Fire,f8a2fd4a-286e-4688-8a5c-fa2ad98751ab
148,Placer,Dyer Fire,ac723863-413e-43f8-b4b6-2311e81e36ae
148,Trinity,River Fire,eb8b50ba-b6bc-4668-b3f1-dcdbfbe71b17
147,San Joaquin,Bird Fire,86166c24-3a85-42e3-a53a-ebb1d935fb8a
147,San Bernardino,Sierra Fire,d18da394-5ed4-4004-8dea-600e15d398e4
146,Humboldt,Horse Fire,cbaa4a28-c732-4c11-9d44-7da6c3bd8e42
146,Mendocino,Grape Fire,efa1dc61-85e3-4fb6-b6f6-04c3845d9ca6
145,Fresno,Frame Fire,e55dd16e-1712-4b97-a2f3-add0877b98cd
145,San Bernardino,Old Water Fire,956f8cd5-f4fb-43d7-8a34-1bb5db551995
144,Santa Clara,Canyon Fire,329ac0b8-a2c1-4a72-bd09-dd86c477162b
143,Butte,Soda Fire,01202971-a157-41f8-91cc-cf7c3b8f9473
143,Shasta,Dry Fire,dcbc7afb-cdef-49a3-822e-20bbaa86a5d0
140,Stanislaus,Maze Fire,380634ff-2fe6-48b0-a1f6-97a889551d2f
140,El Dorado,Ranch Fire,2fd950a8-fadb-467c-ab59-88e7ea007738
140,Solano,Glencove Fire ,c9f9ded3-170f-4b04-a50e-2c03153c663f
139,Riverside,Temecula Fire,403e6185-c0e1-4b8f-a290-b50553a47b67
139,Alameda,Patterson Fire,d35fa87b-0f19-4dd8-8739-4bdbc92d1361
138,Kern,Famoso Fire,73083049-8bc2-4444-911b-f3d0812fb70c
137,Fresno,Mud Fire ,ff8701f0-a12a-4b40-baa9-b58c4e2e31f3
137,Plumas,Ward Fire,84cb525c-7a90-4d31-8d55-d9729c05b286
136,El Dorado,French Fire,f7a51800-b219-428c-aef0-ee5fa5de4d64
136,Calaveras,Parrots Fire,190306eb-357b-40d2-9871-92cdd8784332
135,Napa,Steele Fire,2410754e-b988-4f4f-b7ee-21f954c2bbf2
135,Madera,Red Fire,0f537c6f-8a74-48f4-9fbf-ad00942ffba0
135,Los Angeles,Gorman Fire,ce6fb2ba-9799-4b36-a64f-8bf02392d6ee
135,Tulare,King Fire,5f0c7697-7be3-49af-b98c-f5789e3ca6f9
134,Tulare,Angora Fire,d332a628-6290-4e91-b8d0-4dc663b80c38
134,Butte,Skyway Fire,a2d42b3a-32a4-4b57-a8c2-91e5d046bbb6
132,Fresno,Avocado Fire,f1769b9d-c522-4a0d-92a7-f9c8321b9f1d
131,Lassen,Horse Fire,97c4d72f-c1e9-425e-9dcf-44150047af92
131,Ventura,South Fire ,c1574fd4-92ca-400f-84cb-b10f18ebb4bd
130,Butte,Bangor Fire,b4940174-75d0-4f5e-b505-4a66c17a9157
130,San Diego,Border Fire,10a447c8-708f-44a3-8679-251500c761d6
130,Lassen,R-1 Fire,5f7b19a6-5f22-49ac-bf0e-ecef96385d37
130,Mendocino,Usal Fire,5edb4ec4-615c-45fb-a236-9a4225eedaff
130,Riverside,Shady Fire,e98603d2-f44e-4a9e-b83d-5e9f94766b53
130,San Luis Obispo,Olive Fire,87d7fb46-00f9-4bae-ba35-a7ef8e58a70e
130,Mariposa,Haigh Fire,50567f4a-c56d-4d73-9855-f5d81fa74025
130,Calaveras,Point Fire,f30518d1-83ef-440c-8058-d4189bfedab7
128,Los Angeles,Pico Fire,6e0b516c-9da1-4ff7-a0ce-3251b2cbabb9
128,Santa Clara,Reservoir Fire,3934f762-ba99-471a-b1d9-dc064276c383
128,Trinity,Democrat Fire,da522578-443a-4c52-a9bb-d72bbb84dcdb
128,Shasta,Oak Fire,2b043a7e-234c-43f7-852c-21fcb9ddc200
128,Modoc,Goose 2 Fire,d5ebf295-49d5-4a6a-ae13-47a921355e19
127,Glenn,Open Fire,3db90629-694f-43d7-b46a-6378f6bc1472
127,Siskiyou,Shastina Fire,e84f2881-743c-4e36-863d-ddb37c2540d3
126,Fresno,Tumey Fire,d804eebf-71de-46de-90c2-cdf0694d27e3
125,Mariposa,Coronado Fire,8779fe43-665b-4643-a730-6344c44018c7
125,Santa Clara,Curie Fire,7a5c1b23-ac7c-44de-8f1a-1866ea9bf617
125,San Diego,Gun Fire,a67fe9bc-b8ec-4ed1-a2e8-06623aab7039
125,San Bernardino,Sterling,0683b4a7-6a8c-4339-abc1-dfbe64dcb5a1
125,Sonoma,Yellow Fire,64e4f81e-d872-44c4-ba8d-111fa77124ba
124,Tuolumne,Twist Fire,1f8c73d1-2cb8-4e98-bd44-d6dccd601c7e
124,Solano,California Fire,2b403f03-fe84-450a-90b7-befb8acc7e70
124,Merced,152 Fire,f9e85371-fc46-4f54-822c-7dcdaadde551
124,Riverside,Smiley Fire,9795afee-7e60-4ab3-b5c3-7df67f91c5f9
123,Fresno,Green Fire,a32de567-3d32-434a-9128-7947deaec3bb
122,Riverside,Stewart Fire,58d62aeb-29f5-45f5-93ac-a657b0708149
122,Mono,Rock Creek Fire,0539e095-5108-4b9a-8736-65772440e9e8
122,San Joaquin,Collier Fire,a4df2aae-dab6-4531-b4f4-a535f77b483f
121,Fresno,Hill Fire,72cb3684-c194-4180-bdfe-22775f86a594
120,Calaveras,Reed Fire,2b382ade-87e2-4cff-92f7-67328139d7eb
120,San Diego,Weisgarber Fire,779c4b9a-19bf-487f-ba65-6589aea27420
120,Lake,Cantwell Fire,20ba8b6b-78d4-46a7-995b-d8fa38cbf3b8
120,San Luis Obispo,Margarita Fire,17cd878b-0d5d-49ff-b205-7e0203908f4c
120,Riverside,Lamb Fire,45a205f4-bcd2-44bd-886b-26260c686ce7
120,Tulare,Market Fire,87760805-5b1a-486e-91c4-590557929182
120,Stanislaus,Coe Fire,648cfdd4-f3f5-4faf-8ab1-a6f2cb5d9a6c
120,Placer,Brewer Fire,072e04ed-1f34-45e8-b7c2-3788ebf3be4c
120,San Luis Obispo,Bitter Fire ,e1e4dad4-7ea6-48ec-b34d-3128cf55cc43
117,Calaveras,Maria Fire,2f9f1bf9-6188-46a2-b91f-f212cdd21528
117,Plumas,Murphy Fire,b9f703f7-18bb-4845-a480-ce7d63b5f57a
116,San Benito,Idria Fire,a0b16523-d6f9-4a21-809d-4f2bdbc2bea7
116,Santa Clara,Bridle Fire,8d5856ff-4cd4-4b88-afb0-c6df08f548a8
116,Alameda,Fallon Fire,e8c7f247-bc31-4e5b-bf71-fe903366d9e5
116,El Dorado,Union Fire,db009f8f-8b9d-44bb-a3f6-83f319c84d72
116,Modoc,3-11 Fire,0da79ccb-9701-4c27-8831-f10593fb8a90
115,Mariposa,Wheeler Fire,8f98a50c-fac6-4dcd-844f-76c49891f0f6
115,Kern,Woody Fire,d3beabf6-63e9-4cad-a17c-58bb36abd7ac
114,Calaveras,Mark Fire,fe668595-0980-4f41-af0c-3f14c4d391c2
114,Santa Clara,Sierra Fire,4c88252e-34a5-4912-a590-2c4539866c62
114,Napa,Canyon Fire,4b885d8c-8951-46c5-a3d1-520cfd0ac964
114,Kern,Pine Fire,471980a3-9ffb-4b1f-8e51-eabb9736b51b
113,Inyo,Bridges Fire,1faad916-32b9-4cd0-94b8-dacfe71fa9f8
113,Santa Barbara,Holiday Fire,76725105-a814-4e8d-bd5b-d0f2f1879dae
112,Butte,Coal Fire,5f422963-a30c-4cda-9427-7a0e028b6039
112,Tuolumne,Tulloch Fire,72c7a5c9-82c2-44c4-8bf2-241fb36e1ee7
111,Lassen,Shinn Fire,a0d1975a-fe2c-411d-93c0-13b479eee916
111,Butte,Lone Fire,1b1ba02e-9db3-4224-9d8d-06d5df529f16
111,Fresno,Flat Fire,90473f02-6572-4a9b-9451-1a18a4bee1ed
110,Sacramento,Apple Fire,20348e67-4eac-42ae-ad4e-57ca0add2914
110,Placer,Riosa Fire,38fd77e5-9688-42b4-b092-f517e75ef7a8
110,San Bernardino,Cleghorn Fire,c7f05927-66a4-403c-9048-aeb42eca0211
110,Santa Barbara,Windmill Fire,389e3075-51b9-45a8-ab9a-a75b03225c8d
110,Tehama,36 Fire,ffbc1cb8-be33-4483-8442-85ab2587dce4
109,Shasta,Walker Fire,dbd39ec2-546c-4afc-9ff2-b1939eead03e
108,Fresno,Cobble Fire,737f9bb2-5a43-4730-94c1-4031bce6d626
108,Tuolumne,Oak Fire,40f44488-051f-4412-a577-c932f2ce751d
108,Fresno,Clinton Fire,a2cfda2a-21c1-4e45-90b5-37d931b4a926
107,Lassen,3-2 Willow (Previously H-1 Fire),9a9bc21f-36f5-4092-b98e-c0d584d198db
106,Mendocino,Western Fire,9d63cbd8-7dbf-4b2d-918d-036e3a282d2d
106,Fresno,Lake Fire,d529636e-33d0-484b-9c6f-093ba33736b7
105,Riverside,Canyon Fire,380df891-161a-44c7-a244-d7dda9d5fd32
105,San Luis Obispo,Poly Fire,cb3599f6-751d-4072-8db1-6e366ac603c9
105,Los Angeles,West Fire ,eb975e90-a689-40fc-8f44-b13c774de0e8
105,San Diego,River Fire,811b6ea7-2a1b-414b-90fa-9edc6db21d46
105,Monterey,Freeman Fire,58317b8d-7f4d-466f-b2c7-035c25fb00f0
104,Butte,Munjar Fire,897d01d8-dd38-43e2-bcd6-fa62aac03318
103,Lake,Cache Fire,ef9c8f82-8607-4c53-9bdd-5196e6a1071c
103,Madera,Broken Fire,8e920d15-72f4-4e76-a3b4-22a364d6cf19
103,Tehama,Jelly Fire,e1ab6577-7ce9-4b19-bb29-68b5bdd699b6
103,Butte,Humboldt Fire,510c877d-b80b-423f-b7e0-4276ce646f4a
103,Modoc,Meadow Fire (Not a CAL FIRE incident),2f735b66-c275-4557-a8ad-0ff60e0552f3
102,Fresno,Coalinga Fire,4adae6c4-71c9-46d1-9743-e04f186b2c3e
101,Modoc,Little Fire,91669a3c-d533-4eaa-a8d7-505d55f89e46
101,Santa Clara,Lariat Fire,580ce9d9-b8dc-4dc1-9f10-11bf48df9492
100,Santa Barbara,Range Fire,bc2edb86-fb4b-4dba-a9e0-5339f27d9bce
100,San Diego,Border Fire,8c46fde6-7a1c-482b-97cc-afff1bc5d27c
100,Solano,Timm Fire,03d74bbd-627c-47af-a2e9-5351e6e16f6a
100,San Diego,Cloverdale Fire,791a3a00-2c51-4679-b4b7-27cc77ec699d
100,Tulare,Balch Fire,e775e724-0a1b-4156-a477-623031c09b0e
100,Santa Clara,Bailey Fire,40dec759-8a09-439c-8c95-14b4a248c033
100,Kern,Hart Fire,f645bf93-57a3-4fdf-9544-d255f8311dc9
100,San Luis Obispo,Water Fire,31c47bb9-1913-463e-95e4-86e48fadfda6
100,San Bernardino,Sterling Fire,ff28ce24-a13b-4903-85de-faec825de35b
100,Riverside,Interstate Fire,58054798-7e26-4aa0-8af9-a4c91ebcca8b
100,Shasta,Cow Fire,8a4c92b3-c1aa-41e0-aaed-999d73f0a418
100,San Bernardino,Box Fire,1a4aeaa6-7f90-420f-ad6b-6942658a7fee
100,Los Angeles,Bee Fire,c6044e8d-c054-44f2-bc92-24510df4deef
100,Tuolumne,Murphy Fire,98bfbb7c-8446-4e2e-a268-7e961353723c
100,San Diego,Border Fire,e077e091-f890-477c-b948-eb23774b432e
100,Lake,Saratoga Fire,cd91c23b-9e4f-484f-bb5a-09881545da38
100,San Diego,Church Fire,773795d8-5801-4f7c-a2fe-3f8d0ae18f51
100,Sonoma,Oakmont Fire (Central LNU Complex),3f481060-1106-4857-8ac3-374a68763922
100,Lake,Long Fire,a7ecc679-7fbc-4370-9a55-8e17bf262a2e
100,Santa Clara,Bally Fire,7b02d757-4f96-4616-99d5-04e4eaa34440
100,Fresno,Parkfield Fire,a983c540-b47c-4250-a65d-c5d3d76c9b3b
100,Santa Clara,Tilton Fire,a8ab00de-6074-45a0-9e3d-f43b090e8346
100,San Bernardino,Mile Fire,32a79e9b-8ce3-477e-b698-2eb16ef66aac
100,Stanislaus,Diablo Fire,e952af56-3233-4e53-b611-d437220ea750
100,San Diego,Feather Fire,d96a2f4f-8e4d-4534-abe2-d90530e2bbc3
100,Monterey,Bradley Fire,947aab39-3d8a-4841-8fc3-d129d8bbf6a3
99,San Bernardino,Oak Fire,666b3951-76ce-4351-abc6-3e0518d44901
98,Riverside,Kennedy Fire,7b283f4f-c613-4840-aa90-1f6e9fa1573a
98,Mendocino,Highland Fire,b20a2031-12c9-4e9c-9f44-ac82c26e6c66
97,San Bernardino,Little Fire,b5109726-5e91-4c10-96f8-2a5bb72e5a59
97,Modoc,Davis Creek Complex,308ce8d5-67c8-4edb-9e2f-bf6295f98d7e
97,San Diego,Sawday Fire ,a6701bb9-7086-4dbc-ac5f-8c98eeb0279a
97,Lassen,Coyote Fire,2b84c8a2-e2e8-45a2-9221-e8075608c218
96,Monterey,Sam Fire,63e41793-2c9c-4dda-98e0-62b5069514a7
96,Riverside,Orange fire,777caabb-3850-4db2-ba02-2d95fda38db6
96,Amador,Roadrunner Fire,bf59bc5b-1398-4ae5-adef-6f61b9ee1b90
95,San Luis Obispo,Thompson Fire ,63b69be6-bd39-4bb4-aee1-7b59dbf7c360
95,Kern,Sheep Fire,d7365a2a-a113-4693-92d3-152f52b0d743
95,San Benito,Mercury Fire,2a04ab08-1412-4a3d-b6b2-7e5fc48f99e5
95,Monterey,Laureles Fire,9569dcd6-c94f-4849-a90a-db58bfc77bee
95,San Luis Obispo,Deer Fire,598a3d54-ce60-466e-b44f-0e7c8f9e4ff5
94,Riverside,Toro Fire ,0089d3c4-c554-46e1-8eb9-af95e4dfae0c
94,San Luis Obispo,Creek Fire,ac469123-da14-4821-b824-c6cf66138514
94,El Dorado,Irene Fire,7e60b4f7-8497-4155-9879-a3198b2ce696
92,Butte,Branch Fire,0b51d3d5-bb3a-426d-9c12-c1878a01d7cf
92,Riverside,Reed Fire,ab009bd1-6784-4fda-a931-532520742a8b
91,Butte,Wilbur Fire,549222c5-1be6-4453-896a-caebd19b0bee
91,Madera,Lilly 2 Fire,2b765a08-c770-4b19-baa8-00dffe3fa838
91,Siskiyou,Bar Fire,8b4a5b95-3f51-4038-a7ea-b5ed3c73c2e5
91,Butte,Dunstone Fire,5080eb51-53e5-4338-95ec-618efe2bd7d1
91,Fresno,Auberry Fire,89f34aa8-eaf3-4d19-8ef0-005102e82831
91,Ventura,Wendy Fire,fd21c9dc-a89f-4a29-990b-33b95ae2adc9
90,Mendocino,Peach Fire ,eabc7fc2-d02b-480a-9472-7c7677e812cb
90,San Joaquin,Whiskey Fire,12528e0f-03e0-4598-8df0-e3017fa7382a
90,Mariposa,Valley Fire,a856545c-5922-4d6a-bffb-2048188c0fa3
90,Shasta,Trinity Fire,2f3e47bb-8595-4c9f-bfa6-6fd76e465c12
90,Riverside,Water Fire,13850faa-5bab-4fd7-bac3-433ce9250c4d
90,Shasta,Sprig Fire,8232dfd5-eda3-4766-83ec-83365cf21d93
90,Madera,Daulton Fire,eeef101a-3a50-4407-8e6d-cd80d0d07599
89,Lassen,3-16 Fire,62b14189-aea8-4dcb-8702-a1dfc11abda7
88,Butte,Santos Fire,c55cc099-43f6-4a55-81b4-59ee03618511
88,Placer,Moore Fire,d570e949-a098-4af0-84a4-d70c4a0e89c9
88,Lassen,Horn Fire,79968306-21a9-465e-acbe-4ea715c70ab5
88,Madera,Redinger Fire,f6555118-f01e-4524-a14d-e01303a482db
88,Merced,Plaza Fire,d77a050b-9928-49bf-92de-1159edddd07c
88,Tehama,Flores Fire,f88a7291-9122-49fa-864d-b807fa360393
87,Lake,Ridge Fire,2049dbb6-1a87-4d9d-abde-092d35072934
87,Sacramento,Scott Fire,fbe85bec-6399-442f-8a3f-ca4a25bb2b3b
86,Ventura,Vista Fire,fc8f89b5-988a-4a23-b9e3-333cc690363e
86,San Luis Obispo,Frazier Fire,42fbaa73-e3c8-44ac-bf83-a576be6a804f
86,Tulare,Advance Fire,2a6270c5-859f-4ffa-91c2-ecbee5ebdd7b
85,Humboldt,Saw Fire,dd6c5dfb-e5f5-4c1b-ab7f-aa9f3a4f60fc
85,Riverside,Marlborough Fire,7bc10ea0-55b4-40bd-8eca-36ec10106528
85,San Bernardino,Dollar Fire,84c8a735-9e8f-4310-84ab-39079ad1ea14
85,Santa Clara,Ranch Fire,5da65d7f-cc75-4c0c-b221-1a1e3000a120
85,Tuolumne,Tulloch Fire,ffec404e-dea9-4175-8c50-8f2b0ca3efdd
85,Madera,Grub Fire,8505d2db-7c6f-445e-9bff-407e99cac614
85,Calaveras,Oak Fire,06ae83a9-125e-4cf5-826e-8b541b2308fd
85,El Dorado,Country Fire,89008310-149d-480f-946f-4ce5a2a71c3f
85,San Luis Obispo,Adelaida Fire,a97d2b3a-3a53-424f-852c-5f1b8d199cc3
84,Nevada,Boca Fire,605ac5e1-9903-45ba-872d-3d9c437457d7
84,Yolo,Dunnigan Fire,b6b6ef56-0d7f-4c97-b072-74b712aa1e65
84,Sacramento,Browns Fire,12e44df4-d425-4f09-96b9-25256ffbdcb2
83,Calaveras,Cheyenne Fire,a56880f1-16c0-4d23-8f5a-b9ac436694bb
83,San Benito,Old Fire,fb7d6492-444e-420c-9111-0f8999d3af04
83,Siskiyou,Tree Fire,4ba68199-b45d-49da-91e8-bee9921b621b
83,Tuolumne,Tulloch Fire,e7910549-a5ca-4712-bd04-349c49c1ba15
82,Mendocino,Retek Fire,e9e43213-b2fc-47bc-92cd-117ccd6e4780
82,Monterey,Country Fire,e65c3e0b-08d9-43cf-b1ac-8e57d5f407fc
81,Solano,Timm Fire ,ce97fe6d-a635-45f1-bc18-cdd1698673c2
81,San Bernardino,Milpas Fire,9e6b72f0-5f8a-41fe-a60d-40d7bc2f5637
81,Riverside,Meadow Fire,72384606-035c-4d00-8887-84a9da7d0e57
81,San Diego,Loma Fire,d12bbce8-5acb-43ef-a259-4fbaf90d32ff
80,San Luis Obispo,Shandon Fire,9c03d484-e442-4eaa-8a7b-99d6c769750a
80,Madera,Serpa Fire,3e9fd887-dc53-4d90-a8b4-492670fcab8f
80,Tehama,Hoag Fire,10a8344d-e2c6-4585-8094-bbb30e48db8c
80,Riverside,Harrison Fire,c5e798e2-cba3-4d9a-aa19-389f845bf877
80,San Diego,Otay Fire,45a0a39f-b4b0-409c-9057-0942c567b7c3
80,Contra Costa,Marsh Fire,dc1a83b0-500c-440f-85d7-7090884f5487
80,Santa Clara,Casa Fire,f2d201e0-515b-4df7-96f4-0ff840da4ed3
80,Calaveras,Horse Fire,f2d02439-f682-47e7-b6e9-6e51ca068c86
80,El Dorado,Holiday Fire,d20645f2-81b9-450f-abc1-433b81bd7fea
80,Lake,Spring 2 Fire,78eabcbb-32b9-4438-ab84-8eb65c044db7
80,Butte,Nelson Fire ,6890469e-78d7-4dac-b162-6c23498fabcc
80,Riverside,Ivy Fire,cb87a6f4-a560-41a5-81c0-1064d0c368b6
80,San Diego,Border 9 Fire,e094035d-ac9c-4ea9-a23b-bb55321a64d6
80,Santa Clara,Sweigert Fire ,a8c2bf1e-bb0f-4eec-a435-36d7723dfda6
80,Riverside,Lincoln Fire,6311a921-f8e9-45c1-b10d-fee8be8dae29
80,Yuba,Scott Fire,31cbc968-6d9d-412b-8bc3-6846ca398fe2
80,Yuba,Scott Fire,937f9f26-8d23-4ee7-a0f3-61313dcc63f3
80,Fresno,Butte Fire,3513f584-632d-4fd0-a98a-646eb0753248
80,Butte,Centerville Fire,dd374f36-e7cb-4a48-91ee-e8be101e0f88
80,Tehama,Baker Fire,140161a1-ca06-448a-87f2-27e688b2d922
79,Mariposa,Montgomery Fire,eb9797e5-4caa-4514-8098-6bd120c0e3c6
79,Plumas,Mills File,ba20d998-185c-48ac-8006-15aadf4d3106
79,Tulare,Fountain Fire ,92d70dc0-19af-4c87-ab01-8c7051caab73
78,Riverside,Sabina Fire,7ac5c3c7-ba1d-47c4-8678-727729c51465
78,Santa Clara,Castro Fire,e8ebb6f2-16f5-4342-bce1-d36ff9c9422c
78,Tehama,Spring Fire ,80f2c7d1-d28d-43d0-97a3-ff53cc991a8c
78,Ventura,Sherwood Fire,69b7a19e-7be7-43c1-8779-c7110b22f552
77,Santa Barbara,Cruces Fire,756cceab-80e1-47af-8c85-9e650352b48e
77,Modoc,3-12 Fire,12f68592-30e3-461c-b489-bc99ba52a38a
76,Fresno,Tivy Fire,0956bfcb-8915-4163-b4ed-4f3a6ab32895
76,Fresno,Anchor Fire,595f6f52-a55b-40e7-8aa6-b409ff9a7a5b
76,Shasta,Silver Fire,b181e69a-5864-44c1-b5b4-f4c5832a4539
76,Nevada,McCourtney Fire (Wind Complex),9a2b8ac1-41f4-4f98-a4e1-9b5ddee37251
75,Shasta,Cassel Fire,0bc42201-27c2-4b3d-a329-ce44bc1261d9
75,Lake,Eagle Fire,600d608d-6279-435d-bc9b-99aacaa5e80f
75,San Bernardino,Silverwood Fire,ed51bbd2-6f8e-4f46-9073-3673a583fada
75,Madera,Revis Fire,7055a440-5d4c-4f58-bac9-2954ff6698a5
75,San Bernardino,Lytle Fire,e2c4b308-9a2d-483b-8434-999bef9adc7c
75,Napa,Silverado Fire,d8d1c943-7b5d-4885-9043-f41075d6eded
75,Monterey,San Lucas Fire,91c3081d-33b4-46f2-8774-032c57f0f6a2
75,Shasta,Lake Fire,47ee7239-2bc9-4794-8582-982a92fdda9f
75,Shasta,Fern Fire,dfd02b2e-7e2d-4636-a178-0ebff2d170c8
75,Shasta,Mallard Fire,259d9359-0cc2-4058-bfc2-f28ab2a540f4
75,El Dorado,Kyburz Fire,74635a69-f34f-4c6e-9e09-1a32d732bb42
75,Riverside,Wolf Fire,d37acb3f-94c8-47ef-b3da-6eb0d7353aa7
75,Butte,Webb Fire,8581f0b0-92da-4ce1-8d6f-e32557515a1e
75,Tehama,Tehama Fire,ff13baa0-35e0-44dd-b994-38ada16baf7b
75,Glenn,Chrome Fire,09f22e57-6058-4a87-972a-ece08f4527d4
75,Colusa,Stony Fire,b4377461-c17b-41b1-8dc2-9722f8ead519
74,San Bernardino,Bryant Fire,67c20627-e6cb-4900-9f40-01e8da154a53
74,San Luis Obispo,Linne Fire,98bf51ea-bf23-40a3-b95e-4b795baced3e
74,Santa Clara,Coyote Fire,be4489fb-f51f-4109-8132-c7a28e0d9995
74,El Dorado,Axel Fire,f75027cb-2526-4524-989f-71d0d56353ec
73,San Bernardino,Liveoak Fire,31f21c59-8a94-4b17-91aa-88ca14817162
73,Riverside,Main Fire,8e840df1-b34b-44fd-8ade-0350a0113a81
73,Yuba,McGanney Fire,397ed8e6-6088-4e03-9316-8f50c65a83be
73,San Luis Obispo,Lynch Fire,92a8a466-061b-430a-87f9-3b5192947578
72,Riverside,Ellis Fire,244961af-65d5-472b-972f-e02df96e9ccb
72,Butte,Wildlife Fire,9c21bb74-e919-403c-8a43-05f561669e4e
72,Butte,Cedar Fire,c6228c11-4388-4b33-aa18-3593c90f72ad
72,Butte,Olive Fire,3435fd06-f77e-42c3-8fa5-261cf0cb828c
70,Tuolumne,Jackson Fire,726710bb-32d4-46bf-9729-7f3396defcf0
70,Monterey,Arroyo Fire,ae6a40fa-c0f3-460b-8e19-fbf4b5803bb8
70,Riverside,Tornado Fire,57ef80d4-4674-4a3a-9fd6-3f1d792a1953
70,Colusa,Sand Fire,0726d9f7-2baa-4652-b1d6-cbab45783f64
70,San Luis Obispo,Camatta Fire,47dd7f12-4141-473e-b2c1-2e625df3b784
70,Tehama,Spring Fire,994876ff-2369-4a13-9642-d2dfbd372ac9
70,Santa Clara,Tesla Fire,a4d4923c-cf9e-43a9-b62e-dc9c04f0ec24
70,San Diego,Pala Fire,c88af25d-aff4-4b20-9c58-0b819c8ae99a
70,Santa Clara,Curie Fire,01018620-8f10-4de0-a7e6-78cc9a77cc9a
70,Fresno,Newmark Fire,2e8eb057-1d9a-41a7-ab9f-9b85ce3374c4
70,Yuba,Levee Fire,3fd43a39-4e82-4b7e-a642-be86b5c73522
70,Lake,Double Fire,ae025ba5-8b5d-48de-ad5e-3037de3d18e9
70,Fresno,Manning Fire,b3fc6dff-f13a-41c4-b7f3-e9e960a941d5
70,Santa Clara,Felipe Fire,9a1a4247-479d-46ff-99cc-4251c5e333fa
70,Solano,Norman Fire,45cf54ae-c166-4f81-816f-2e0ef959a56e
70,Kern,Ranch Fire,9487beeb-6c40-46fc-b4b3-a353a688a826
69,Siskiyou,Prairie Fire,bd869df0-5333-4b9f-957f-b3d563f09f94
69,Fresno,Hill Fire,386b7562-fe70-490b-a92c-a3c21eece0c2
69,Lake,Foothill Fire,6a75dc36-9f37-4c3a-870d-345f94a8104c
68,Merced,Romero Fire,bda69d0e-716e-439e-9a18-49f44d449086
68,Sacramento,Clay Fire,bf3148c5-75dd-4f79-8b3b-c5b483065b47
68,Modoc,Rail Fire,0875cf4e-9948-45ed-a76d-d74564319b49
68,Tehama,Corning Fire ,18fe1e24-799d-4aa9-a7ec-fa8e331ae3e9
67,Marin,Muir Fire,16b1921b-f753-4a36-85bc-d903555f0af4
67,El Dorado,Bumper Fire,d8de1c4a-9b2c-46ad-aab4-3b2012571e4a
67,Mendocino,Heart Fire,fb7f7795-ede7-40cc-acf6-3ee6e761d0a9
67,Kern,Pass Fire,17b99f78-78b8-4bd1-90fc-5d9c3cb61b95
67,Lassen,River Fire,b02f2513-9359-45e2-9971-08f7b1f0dc0f
67,Calaveras,Lynette Fire,9fc12331-47f4-4d79-bffe-914f13658993
66,Monterey,Jolon Fire,954bfbe7-424c-49e0-9611-23e9f7a475a2
66,El Dorado,Omega Fire,6e4ecf7a-2864-4fc6-85cb-9b2a0ac324df
65,San Bernardino,Scales Fire,d95a4f8c-008a-4691-b1b2-9173b4dca34d
65,Placer,Sugar Fire,0888bb9d-0d9b-4a49-bf3d-a55a7c40a707
65,Stanislaus,Orange Fire,8740caa0-f86c-4103-b830-0435b9933a2b
65,Napa,Creek Fire,3135c367-1274-4cc4-9152-661f6fd7707e
65,Inyo,June Fire,5463296a-0cfa-46a1-bd8a-dfbf1afc996b
64,San Benito,Panoche Fire,9f926d66-2cfa-4e3d-b4a3-4ea3b4b23698
64,Ventura,Wheeler Fire,0adb968c-eb85-41c5-8e08-04c0ec386c79
64,Napa,Canyon Fire,26676376-4e61-4d68-a28f-5fd8b4501acd
63,Riverside,Benton Fire,28599f05-c64d-49a5-be59-23879eecb980
63,Santa Clara,Park Fire,f19a49b4-9d0f-4c61-83ea-9b4a741b0bef
63,Glenn,Elk Fire,082bd2d3-457b-496b-a469-0d2550aac7ef
63,Mariposa,Westfall Fire,1dfae538-fd95-4454-865d-3d74e4b56665
63,Tehama,Paskenta Fire,aed86291-4631-4d79-ba5f-6b2c8ca399c9
63,Riverside,Placentia Fire,ee20b421-06cd-40d2-a22c-0f9e8ddeee71
63,Stanislaus,Stuhr Fire,e596a67e-177f-4db9-a2d6-dda7da1678fb
63,Siskiyou,Cherry Fire,5aa13874-fb24-44f0-969a-d12dbc7edca8
63,Shasta,Highland Fire,9626db35-9c2a-4431-8c91-00e0bba794fa
62,Kern,Lebec Fire,22171870-baaf-480f-902a-45ec9282df35
62,Mendocino,Nelson Fire,a44b9e07-680d-4857-9d27-834363373a83
62,San Diego,Montezuma Fire,1f8d9fe1-e644-4f53-88ae-4418cc0b4451
62,Lake,Bottle Fire,21714c67-dc5a-4d86-8794-79d85f87b71b
62,San Mateo,Cabrillo Fire,ab8109fd-e8eb-4690-9f5c-3a8c9c47ff48
62,Stanislaus,Lake Fire,b3a6b47f-105b-4f66-b12a-76c563457a5d
62,San Joaquin,Liberty Fire,7278467f-ca4a-47f1-b876-a6722b546f30
62,Los Angeles,Canyon Fire,c8c8905e-4ff4-4563-8ad8-3838a8d0a3bb
61,Kern,Cotton Fire,bae93037-2a91-4189-b256-3325cd2b6979
60,Mariposa,Triangle Fire,8d98f943-8a04-4ad5-b884-84986a521c3f
60,Tehama,Bolla Fire,ffb57bcc-80f7-4299-bfcf-c9be3b66d5ff
60,Tehama,Adams Fire,8030a870-0453-48e0-b243-86dbae075434
60,Lake,Grade Fire,c203606a-d2eb-4ba2-97cc-2ee7403432b1
60,Madera,Raymond Fire,06ccdd6b-fd15-4cba-a9ed-6cb7c70327d9
60,San Luis Obispo,Creston FIre,f3d3e61e-4ab4-4155-a882-4e27de976659
60,San Luis Obispo,Vista Fire,d886d8aa-00b7-41d7-b48f-665f5c6cf01e
60,Santa Barbara,Happy Fire,1a08a7d9-47b2-42ba-94c1-a2e15415b887
60,Butte,Honcut Fire,42af9060-4b93-4919-bd89-9fe684b41fd3
60,Fresno,Kerkhoff Fire,77b8e450-18b2-4fc4-a9d0-403594095482
60,Lassen,Dixie Fire,1ca8b1e7-5590-448b-86ba-6dfa4937baa6
60,Riverside,Grapefruit Fire,2d114fe4-57c1-4ac1-a9ec-923dde4d9292
60,Amador,North Fire,e2077d05-1f06-4939-8857-9f630a4b722e
60,Santa Clara,Bayliss Fire,0deca389-4481-4d91-8765-40caba3ea31c
60,Riverside,Tram Fire,ac568737-dae6-4050-b1f4-62ab1f9ec930
60,Riverside,Relay Fire,0658b1f8-5323-4152-b6d1-b208736587db
59,Calaveras,Quail Fire,6f9581fa-7c8a-45d1-988d-0a299fc15d62
59,Shasta,Point Fire,6c5fcfc7-659a-44ee-b225-c4ae919882e7
59,San Diego,Agua Fire,b9cd9a90-1983-4a0a-aad4-9c286382f158
59,Tulare,Fox Fire,80844950-65c8-44ec-b63a-7e51412fea0c
58,Siskiyou,Military Fire,e4223f98-44fa-44bd-9ec9-3219206068d2
58,San Luis Obispo,Camino Fire,a728d915-1c00-43b6-bd5b-228be34a38fe
58,Lake,Slides Fire,ab08cb64-67c4-4e7d-8081-b5574131f755
58,Fresno,Silver Fire,46d1ec10-be8e-474a-b98f-ba7cd3521ccd
58,San Luis Obispo,Tower Fire,effeee13-51d7-4cf2-a62f-93b47b34605a
58,Contra Costa,Sellers Fire,e338f506-b9fa-44c0-ae64-324ed0e590d4
58,Butte,Forbestown Fire,2de3ab6b-60c5-4400-9bff-74c79ed7d553
58,Tulare,Hogback Fire,7a317400-8838-4fd4-8c2f-b8c12add5d6a
57,Fresno,Freedom Fire,36d953e8-265f-4b05-831e-42eb2298b208
57,Tehama,Live Fire,a3bd6249-555a-4ee1-99c0-69333d71bdfb
57,Calaveras,Baker Fire,2dae3029-2d17-445a-9fac-e95345b179e0
57,Riverside,Van Buren Fire,edff6f87-80b8-4c0d-8f6a-45c6e798b7fa
57,Solano,Oak Fire,dc7637b2-fa97-47c7-bbce-c0fd1a015592
56,Siskiyou,Bogus Fire,f173524a-ae01-47f5-942d-5e90c2b96469
56,San Diego,Freeway Fire ,36076476-0b5d-445a-a82b-27f953f3dde1
56,Lassen,3-10 Fire,8d7302b1-605f-404d-9641-a890720e8657
56,Madera,Experimental Fire,f163aa10-1dd9-4fd0-9e5b-fda78ef5bcc6
56,Contra Costa,Bruce Fire,7e24911d-5dc9-4449-ba08-f718c094ac9e
56,Siskiyou,Mill Fire,89ca911c-b44f-40d4-b10e-0a7ae0ca33b7
55,San Diego,De Luz Fire,3cc1aa4c-b87d-4b4d-99b1-83dc56291b33
55,Lassen,Horse Fire,72c6a0db-a014-4cd9-9788-926707ef839c
55,Riverside,66 Fire,b4616173-5807-4c04-a416-5374139f3fcc
55,Los Angeles,Topanga Fire,d1ec9e43-04bd-4926-8362-5e04afe39c90
55,Siskiyou,Owens Fire,62b8a6af-700a-4c93-85d5-a9b85a30faf5
55,Solano,Estate Fire,c9009967-c0c1-47d3-b2eb-47b2d7a5da0e
55,San Bernardino,Summit Fire,d0875efe-54fb-4cc2-b647-4f4d210df118
55,Tehama,Fork Fire,7934d7bb-15e1-4217-8fa1-552e4f3d8091
54,San Bernardino,Mill 2 Fire,c8fb2c4c-2275-4ad1-aef3-859e332a1a47
54,Santa Clara,Quimby Fire,d515cbcc-376e-4bc7-adea-189eff5a7735
54,Siskiyou,Bradley Fire,f8cd3b44-ec6b-4338-9edc-ebd879a8aafc
54,Siskiyou,Bradley Fire,59fae761-fd49-4f06-a2e9-1495c00eb7e9
53,Lake,Oak Fire,25e65946-2e28-453b-bcb4-617b623be750
53,Mariposa,Boyer Fire,42bd7e44-5bfa-4e25-961d-941a18bc00d0
53,Alameda,Tesla Fire,418c9abb-935a-4157-91a3-f511c197785b
53,San Bernardino,Keenbrook Fire,2c41731e-1e13-494c-b7f7-928b89bb7d32
53,Lassen,Copper Fire,b9d64431-d96d-413f-84df-ef3b381d3002
52,San Diego,Willow Fire,abdb011f-15d8-475b-b08e-4df583700411
52,Modoc,Kelley Fire,20495cc8-cb22-4fd1-9bc3-0b9c654d12a0
52,Santa Barbara,White Fire,f136ba8d-f6bb-4bad-9815-1d56f9dc8650
52,Monterey,Lowe Fire,61556003-7789-4b9e-8f16-5563624b4621
52,Nevada,Tyler Fire,1476673c-df55-4c39-b117-d9d067f8a020
52,San Luis Obispo,Ranch Fire,e2a0252b-2da9-4967-ba33-7abe3ced1efa
51,San Luis Obispo,Toro Fire,587c03e3-4831-47c1-8c03-c08176e91b11
51,Santa Clara,Hale Fire,a125058d-abfe-4593-bd53-503ceea3f4f0
51,San Luis Obispo,Reservoir Fire,6832f18a-6515-4436-bf3b-553bf6302de4
51,Santa Clara,Weller Fire,7b95ce91-9581-4fe6-887d-ab1bf6420205
51,Shasta,Crestline Fire,2fdf2c14-77b4-458c-96fc-bd883dec3ad3
50,San Diego,Douglas Fire,3fc7de4e-3a0f-45e9-be1f-801f88770883
50,Alameda,Grant Fire,07fb8b11-f39b-4cd0-8a27-2d4fef7fe680
50,Santa Clara,Uvas Fire,e779a754-29fd-472f-8d29-46cfee32d3c2
50,Siskiyou,Cottonwood Fire,e16c204e-58d6-4f78-bc97-729b16ef9f83
50,Lake,Bruner Fire,3f3e234c-04e1-4941-a79f-23ddc419bf59
50,San Diego,Copper Fire,e471b23c-f00c-44bc-afc1-6ab02b0af4c3
50,Contra Costa,Forest Fire,b36ed23e-a3de-4aff-bdbc-d6ebf8d8f077
50,Mendocino,Ruff Fire ,2a2e0af5-24d7-4903-bab4-3705f5d788fb
50,Shasta,Fiddler Fire,2c241790-d062-4b15-9a25-8e511c0febab
50,Sacramento,Prairie Fire ,a0d95805-48db-467e-8dd5-db761eb5ae74
50,Napa,Ink Fire,78c1dacb-653a-42fe-b025-ab80ec4996bd
50,Butte,Meridian Fire,398bb669-190d-4dbf-9af0-6ccb27817c13
50,San Bernardino,Spring Fire,324a3c48-efcc-4385-ab87-baf0b5e29b5d
50,El Dorado,Storksbill Fire,f273dffb-e1eb-48dc-b0f9-908857e78095
50,Ventura,Casitas Fire,867bead0-b6a5-4ec4-a4de-83af2e854cd1
50,Monterey,Haycamp Fire,9d0be6f9-d61b-467d-be68-c8a48c0cf930
50,Tehama,Tuscan Fire,02ebd2cc-c4da-4508-92f6-30446d041ae9
50,Lake,Carder Fire,d7745759-07bd-40a7-a66c-003b174851b2
50,San Luis Obispo,Homestead Fire,5b5ce06d-7ea9-4d28-b564-715fd0d04f3f
50,Kern,Tank Fire,fb042e0f-1aab-4ac4-9d09-947c9b9f14b6
50,Riverside,Extension Fire,33bf7f90-edd9-4bf7-a079-561d5dad25c9
50,Los Angeles,Wilson Fire,dcd7fb2e-3a4f-427e-9b13-1d2bcb0e8ac6
50,Mendocino,Mendocino Lightning Fires,9f031bfa-47bc-4fee-aca1-988462d6ab53
50,Ventura,Potrero Fire,3f31752f-4f51-4705-9fe4-50beec88a0e8
50,San Mateo,Skeggs Fire,81b26bc7-7d65-4591-9d27-4e698cab4f12
50,Kern,Calgary Fire,e4834d78-fd4a-44b4-8669-52cbdc41113d
50,Santa Barbara,Mesa Fire,a26038b9-df04-4ade-b918-0c4fb9a8dbcf
50,Yuba,West Fire,5a52750e-30a0-4d26-a75b-58f79e1e24f4
50,Ventura,Grade Fire,f6970f10-0498-4f4c-8e0c-d4b7e4fbf888
50,Riverside,Lago Fire,2f97537a-1333-4dfc-b7a3-b7bf9400ffdd
49,Butte,70 Fire,6b542aff-fa1b-46fc-b3da-26c1afdbc446
48,Riverside,Serenas Fire,2db503da-a7b2-47a6-92a6-697799eb63f1
48,Alameda,Castro Fire,a2fbfcae-d658-41f4-88c6-98239d08ff29
48,Madera,Power Fire,e7cb239e-7d9e-440d-ba5a-c6881406ce95
48,San Bernardino,Bane Fire,f5552e75-f74c-4bc0-99b8-6c66ee8cde3d
47,Tulare,Springs Fire,b671965d-2369-4107-98fe-432eab6ffdc0
47,Nevada,Auburn Fire,1f8b3267-c3bd-43f5-9733-2b30c97d45ee
47,Orange,Laguna Fire,c27c5212-1891-4105-86ee-9f97016ef159
47,San Luis Obispo,Zenon Fire,7dd19215-986b-4365-a40d-2267b4a05de0
47,San Benito,Bitterwater Fire,c265dfe8-6217-4a0d-9ea9-37be3b38baef
47,Santa Clara,Aborn Fire,42dab7c3-458f-4838-b70f-d5bb3d0f0b80
47,San Luis Obispo,Interlake Fire,1df51ee3-c15a-4266-bf3d-d52272189cff
46,Tehama,Paskenta Fire,50328016-5e03-4e90-bff0-95d36942728f
46,San Bernardino,Hidden Fire,826b4661-020b-425d-84ec-9426c39839e7
46,Shasta,Lower Fire,618ca03c-28fd-4d66-abf3-d065d72d8cb4
46,Calaveras,Bridges Fire,10445e2c-979d-49a2-82c2-c3789bd2449a
46,Riverside,Canyon Fire,78754c68-2800-4c5d-aff0-ab0b399ab5ce
46,Fresno,Sierra Fire,15e7e15d-f707-473e-b0f3-6534cfd845b7
46,Siskiyou,Whitepine Fire,f8b61fab-bd14-4e92-960a-d512693ea8e5
45,Mendocino,Pratt Fire,f1d7f375-8aa3-4cb5-a864-bae9bb90cbd1
45,Marin,Bridge Fire,49232e73-c3ba-4dc3-b673-b973a918fa7c
45,Contra Costa,Buckingham Fire,f7bacdf4-ba33-436a-ad94-549395286fc2
45,Riverside,Diversion Fire,e354cde8-d0e6-4150-9f6b-1c12045e77d0
45,Kern,Antelope Fire,e1ad9125-1179-4d00-891b-7b62699069d0
45,Alameda,Geary Fire,a6143c76-aa03-4161-bf5e-4d8e4a1136d2
45,Fresno,FKU Lightning Fires,8e9dca1d-9ae9-4fc3-89ab-815a4d3f09cc
45,Shasta,Grace Fire,95960fa6-58ba-4b4e-aeb2-ada97d699908
45,San Luis Obispo,Pozo Fire,f8ce12e2-e7c1-4922-b584-63e4421d0598
45,Riverside,Riverbottom Fire,e32c7957-8f4f-4ec1-a0f6-98085a2a7e89
45,Ventura,Kuehner Fire,174608a2-14fd-4278-9811-cb7e5e5a3883
45,Lake,Kugelman Fire,28b9dc5f-f9c0-41fb-81d6-8db562122f00
45,Amador,Bell Fire,0bf08653-1441-4e73-b24b-1296afb12b45
44,Ventura,Happy Camp Fire,cbb685c8-df00-4cdf-8925-7239fa21a049
44,San Joaquin,Flood Fire ,3d4c2809-cd37-4f07-b86e-68dcd52c7434
44,Alameda,Mines Fire,399dba2c-02c1-4756-a76d-1198d0e838ed
43,Kern,Walker Fire,b5699308-b26c-4e76-9954-219b58468d8e
43,Shasta,Fiddler Fire,3f64fc8a-8870-4e64-b60a-3e13c8532acd
43,Modoc,Mason Fire ,ff70bb48-8823-49d9-b6cd-935cc407aacb
43,Tehama,Paskenta Fire,b1b2a50c-c131-4be2-9398-8adee38c1c19
43,Butte,Simmons Fire,d56aeb11-09a3-4854-b422-9a1e41f18a51
43,Monterey,Pine Fire,ed4e06ba-6d17-459a-831a-9b15a9bd116e
43,Tehama,Roser Fire,eadd73be-51ab-4078-91cc-04784be3f17f
43,Monterey,Ardo Fire,20ccd7ec-de69-4967-9877-db5e143fe99a
42,Tehama,Paskenta Fire,982c81ca-ebe5-4591-986d-1f3e2e4cc13c
42,Monterey,Lockwood Fire,abe2311a-4ce6-4300-9716-4fb3fe538c75
42,Shasta,Plains Fire,f20ba27e-4c6c-4ca9-a356-ef88c4f788bb
42,Los Angeles,Palisades Fire,24eb323e-b97f-4087-886b-7efae8937bae
42,Lassen,Dockery Fire,17a944b9-c8b8-4486-8d71-89d713bd538b
42,Santa Clara,Highway Fire,10a86822-77a8-45b1-8caf-aefd7b679db5
42,Riverside,Viper Fire,e9505435-e861-4f33-9069-b0040fb2a135
42,Modoc,Jones Fire,7967c729-4693-47a1-b1bc-1d82825ca8db
41,Kern,Feed Fire,9f416f37-a8ca-4127-a6b7-02626fd32e06
41,Los Angeles,Stokes Fire,6f2f8dc0-b930-435e-a622-d3585dcac067
41,Siskiyou,Ward Fire,f0dbf1f5-9f21-4d11-a432-d32f7f18c412
41,San Mateo,Chestnut Fire,b30ee931-f349-4d21-a38a-d346c516b104
40,Tehama,Vestal Fire,becd0762-0e22-4c54-a1c5-3ecd3660dd70
40,Riverside,Palmyrita Fire,2d1f0c40-92e7-4540-991b-d353ed68ec6c
40,Riverside,54 Fire,e215290f-d0b4-48fd-be32-f599959347b1
40,Stanislaus,Sullivan Fire,57397ed5-93a3-4e60-9142-9a3e38164ee9
40,Lassen,Center Fire,75c14933-9916-4dfe-ac66-7d98706a5172
40,Siskiyou,Trout Fire,0e197989-042e-4c73-8820-f98e0b6fdd52
40,Contra Costa,Merrill Fire,19578ef2-6101-45b0-a82e-db3004c3a8a5
40,Riverside,Evergreen Fire,c531ed84-0c29-4d31-94cf-f48d71d96eed
40,Contra Costa,Franklin Fire,416155ea-f8ff-43cf-abf0-e888584bf5bc
40,Riverside,Pierce Fire,f23f8148-6ec4-4885-9729-0dad7c744485
40,Solano,Ascot Fire,dff0f39c-bed4-4910-9c22-d9ccd4142809
40,Sacramento,Boys Fire,2d2aa30d-5c3f-4f46-97eb-54b63bec7f3a
40,Fresno,Morgan Fire,857e832f-17bd-4ad2-8789-99b003187049
40,Butte,Oregon Fire,9b6b1707-4342-4b38-b4a2-1056c202a32a
40,Monterey,Reservation Fire,13dedbc3-8b85-4f64-b3db-89ed81ed4f1d
40,Lake,Murphy Fire,1ba1f29a-5281-4f53-857d-106ae5e7db84
40,Riverside,Heacock Fire,8fb3a438-3146-4b8d-8f20-bfa8d6610f84
40,San Diego,Valley Fire,487a3f42-fd84-4598-bc48-130ad241c883
40,Orange,Baker Fire,9a110003-2f4c-4ac7-a3e5-b4e713f8d1fe
40,Santa Clara,Grant Fire,7a168690-06e5-4056-97c8-73b834204744
40,Humboldt,Translator Fire,18a2b3d6-d86e-4147-ab42-d45b8792e98a
40,Riverside,Riverdale Fire,c425ed8d-1aab-44c8-bc03-39675ad2b0d2
40,Riverside,Palm Fire,60d9b4f4-7b48-4820-9adc-5be0b4353a5c
40,San Bernardino,Freeway Fire,50bd55cc-7c58-462d-a919-923b4bdcca15
40,Shasta,Jones Fire,6ab80358-cb3c-4e2a-85da-0cd77003fc12
40,Kern,Lakewood Fire,62a5257e-a841-4f7a-ae19-52aa89570bd9
40,Del Norte,Hole Fire,59d6fc84-0d58-4e29-b910-1993dba51b3a
40,Riverside,Martinez Fire,e18c9556-706f-4bb7-b908-e7b44293923d
40,Mariposa,Ben Fire,e4c8aa24-e396-46d1-ae6e-bc9c7889967a
40,Contra Costa,Iron Fire,2bee561f-fd8f-44ad-9c25-ccdc671029bc
39,San Benito,Hidden Fire,708b3dde-3f1a-4813-8501-8a52bf3b1d9c
39,Yuba,Spenceville Fire,ebcee501-5709-4382-8eab-d8595ba6606d
39,Tuolumne,Table Fire,38c666cb-6545-428f-985d-a2589dfb3700
39,Solano,Toll Fire,949e577d-86c2-4def-b25a-c24aa014f4d9
38,Napa,Chiles Fire,e3272697-2587-45ac-b525-76b85fabaa90
38,Yuba,Far Fire,2d3b577c-7b58-4ee3-9e21-cbec5abd8ce4
38,Tuolumne,Red Fire,5d521085-d92f-4664-b17b-732783658daa
38,Marin,Pine Fire,243567d6-2692-4978-88f5-1bbfc7b818a6
38,El Dorado,Empire Fire,fea7802f-ba70-450a-9ad1-96e2751293a9
38,Lake,Indian Fire,b5b63934-923d-4504-a9b1-75c885477a8d
38,Alameda,Fallon Fire,4c04a4e5-f580-4e62-bb53-2575c72d29dc
38,Shasta,Masonic Fire,83c539f5-64c1-4156-86e5-ac6cf4c947d5
38,San Diego,Adobe Fire,8efb9edc-dbe7-4824-9027-22993569f794
38,Nevada,Hutto Fire,61506ea2-3f16-4aa6-ba54-d7788c3a2b35
38,Madera,Fork Fire,7066c984-1420-4c59-b175-9536da4c5d14
38,Nevada,Phoenix Fire,af8f8070-a3d6-4ca2-8e2b-6da1049a5bea
37,Stanislaus,Lake Fire,4075bfa7-794b-446c-b30d-0a8d38085419
37,Humboldt,McClellan Fire,0567f7bd-c345-4124-9526-b8f88a938b01
37,Siskiyou,Martin Fire,a9d772ae-90d9-4f8e-9fe7-342b4266dd52
37,San Luis Obispo,Mustang Fire,a710f41c-aa03-41e1-813f-a98812aea01b
37,San Diego,Miller Fire,7ff229e4-be94-4319-8916-19eb43753843
37,Shasta, Bridge Fire,2ca11d45-8139-4c16-8af0-880d99b21e82
36,Napa,Garage Fire,2513b19f-3509-4e0f-8d87-85785061af02
36,Mendocino,Mina Fire,b44c3b1e-b243-455e-9ca9-9a1b5570e003
36,Lake,Knoxville Fire,ef4185e8-9b3a-421f-9fae-a0b954b0b3c0
36,Mariposa,Banderilla Fire,932a3f2f-6c0e-42a6-b357-f333774b4ea8
36,San Diego,Black Fire,49a9074c-c30b-4042-9ffd-1a10f9d9bf1d
36,Lake,Ridge Fire,9b9b6d81-9590-48a0-a750-fc7da05bfecc
36,Riverside,Winchester Fire,e69be637-e9e9-4964-96ed-4d6a1a1c159d
35,San Luis Obispo,Cottontail Fire,f17c523c-bf01-4245-899b-7c2331096dae
35,El Dorado,Ranch Fire,a4e4603a-f0fc-4d7a-845b-6c668bfcb81e
35,Stanislaus,Rains Fire,900997e0-f30a-48bf-9358-971ca2afa1d6
35,Alameda,Mines Fire,87404846-bc30-41b8-82fe-31c9aedb9ef7
35,Marin,Spaletta Fire,bf2e0a34-e600-4e21-9135-168e28c2893d
35,Riverside,Melba Fire,58533f37-ed81-4ac4-89e9-b4088684d9e7
35,Riverside,Jurupa Fire,252345dd-886b-4bd2-90b9-161727a2fc2d
35,Sacramento,Latrobe Fire,4f0ff7c1-7c96-4f68-87e8-be4466945c2b
35,Kern,Breckenridge Fire,b11adfe0-b74d-4321-b1bd-3fc0b8f0929b
35,Riverside,Smiley Fire,54ddf2ef-28b0-4c34-bfe0-1d084f4f57e2
35,Trinity,Browns Fire,5046e2ed-e2c3-4932-8f89-64dcdf19022d
35,San Diego,Gopher Fire,4f623d67-d74b-4e8f-92f4-ed728970e20e
35,Shasta,Mountain Fire,93995926-26b0-4158-9f93-fec263f40b47
35,Butte,Neal Fire,fe371090-80be-43fe-9d40-761fe436de7e
35,Mendocino,Covelo Fire,56dc8f9c-98e5-4aad-b3e9-bbee503b29e9
35,Mendocino,Brushy Fire,10d67079-faa9-4034-a4d7-8346b450e7de
35,Riverside,Terra Fire,dd114f40-6fcb-487b-931e-7a9107371daa
35,Shasta,Corner Fire,46f35b6b-9c64-41e3-a7e2-f76dc6719145
35,San Benito,Fairview Fire,39ace715-e375-4083-a05c-7fb7448e17b9
35,Calaveras,Stagecoach Fire,eb9d05b5-7578-44bf-9eb1-3ddba425ff20
35,Santa Clara,Calaveras Fire ,0cd5a369-2f91-4786-9df1-98ece3e9e78c
35,Siskiyou,Community Fire,ee681e0b-54a3-48ad-900c-8037eeb88159
35,El Dorado,Patterson Fire,2760040b-e17b-430f-b581-a81694b450ac
35,Santa Clara,Jamieson Fire,19343958-2921-41d2-a3f8-501badcd0bee
35,Fresno,Michelle Fire,953f17a1-2034-467b-b48c-28da1a9af60e
34,San Bernardino,Meyers Fire,c5783ba0-227e-4ff6-9d7d-61532ccd469b
34,Riverside,Redwood Fire,b277af3b-3785-44c1-bdfb-c5a5ba766d2b
34,Tulare,Horse Creek Fire,f6693336-817b-4424-8aea-1c966fae5e23
34,San Benito,Valley Fire,9668cfe5-b636-4147-bce1-da8e8b3fb5c2
34,Alameda,Patterson Fire,f306893c-d6b5-4d68-a2a3-4a306822e041
34,Kern,Marcel Fire,b03ec37e-8596-4e7e-8826-729957a794f8
34,Riverside,Yucca Fire,46896a04-8502-403c-b362-e4adc9e7ad4d
34,Humboldt,Miller Fire,62a6c794-97db-4b57-9033-958bcf2e5a99
34,Riverside,Ellie Fire,99a7ed51-e64a-4aa9-b8ba-6a9ae4752db0
34,Shasta,Honey Fire,15dc8848-9380-40a8-86b7-2b783be8f29d
33,Tehama,Lariat Fire,15d8c9e7-7029-4027-85d8-95f308f83790
33,San Bernardino,Creek Fire,d4618db6-e417-4590-8c1f-9b5ace341bb3
33,Tulare,Wilcox Fire,485eb9e1-80a1-4b95-a71e-8e43ccb1dd80
33,Kern,Creek Fire ,46c4f0c2-6760-4e42-ac2f-ec25c2486628
33,Calaveras,Campo Fire,2225d427-97d7-4d71-a83a-814f38a1c947
33,Tulare,Yokohl Fire,db2a5b4c-260b-4888-aeb3-663b8bf41106
33,Shasta,Dersch Fire,29a2efda-c28f-4a41-9c6d-8cb8f763d464
33,Yolo,Heavy Range Fire,f044a406-06ab-457d-8a93-c52bb1930604
33,Riverside,Valley Fire,67ba6e61-b5ca-48f4-8e56-9cedeaeb65ea
33,Riverside,Christmas Fire,bc89aab5-5f30-46a2-9881-6dbae22893b6
33,Butte,Nimshew Fire,9856efb8-4d41-4276-9d4e-a5b29d912996
32,Sacramento,Clay Fire,c5d590f0-97fe-4ac3-987d-ebceed6dbfc2
32,Tuolumne,Frymire Fire,f4026428-ad5a-42c7-b68e-959554a31343
32,Siskiyou,Moffett Fire,ed16bf52-f886-4384-b841-2e755234aa29
32,Trinity,Sandy Fire,5ef75bbf-adba-424a-bef3-a5efed5b5e2c
32,Trinity,Sandy Fire,5367822f-b489-4da5-b90e-c5b2c8abf318
32,Lassen,3-18 Fire,f141dba0-ae4b-4972-b926-81d1595d0917
32,Monterey,Shore Fire,7cae5704-9ba2-487c-a48b-bb440c95da6e
32,Lake,Creek Fire,af251be5-4fa6-4ced-954c-a0e0aa34a517
32,Monterey,Pleyto Fire,f32d4562-5032-4645-ac8f-afb3fab4c704
32,Riverside,Country Fire,2bdeaf01-fe98-4f63-b2e8-4857815bc87c
32,Fresno,Eagle Fire,8c4b830f-be4f-4469-9448-f0e98ea1d189
32,Riverside,Washington Fire,bfa2d3e8-2ede-423f-b7db-f8e6f44a3c82
31,Calaveras,Chuckwagon Fire,68dadbb3-6a63-483a-add9-491a69d9e0ad
31,Riverside,Bogart Fire,fc0e054f-887f-4bb5-87af-bde461bf4e4a
31,Kern,Hub Fire,5115a26e-e8e8-42cd-9aeb-f5c41efd770a
31,Fresno,Juniper Fire,83d87ff0-be6c-46fa-ab96-b9845d5d4edc
31,Monterey,York Fire,c58da6fd-a2e2-4706-9a2e-ee03884c714d
31,Shasta,Vista Fire,9636bdf4-8754-4745-80c8-90a5fcd90ec2
30,Shasta,Ranch Fire,65330473-c21f-446b-a6f4-7bd76bf0ebdc
30,Los Angeles,Castaic Fire,1e9d7aca-8862-4dff-a8af-5f687afdfda0
30,Humboldt,Blocksburg Fire,e1582691-805c-4627-b20b-e5e8ba110f20
30,Riverside,Timber Fire,b51d7a8d-f768-453e-abb4-665b74998b21
30,Butte,70 Fire,6227f4ad-3e40-4f3b-b210-3e55483e1e84
30,Merced,Taglio Fire,7106ba43-100b-41f9-acbf-9fb9e9ab9ef7
30,Shasta,Horse Fire,ab6d9c8e-5fbb-4a0d-a206-30e83ab51877
30,San Luis Obispo,Bitter Fire,fd1bc30a-4377-45f6-ba2b-b4e1c7e65ee7
30,Solano,Mare Fire,178b2af3-340c-409d-80e6-21ac119969f0
30,Nevada,McCourtney Fire,c27d03c6-361e-44b3-8335-a1fe06f88fd7
30,San Bernardino,Fawnskin Fire,58f89ff8-bd3e-4355-b1c0-8fa05c747d3f
30,El Dorado,Bible Fire,da607cd1-32fc-44c0-bd7a-ba14ad0a14cc
30,Siskiyou,Siskiyou County Lightning Fires,279d9058-7545-488b-8a83-51b12e60cb47
30,Shasta,Gilbert Fire,0f3326bd-4a0f-4351-b978-38eb29f4d490
30,Lake,Lake Fire,dcb21e64-9d38-47c2-848b-e8e0dea5c2de
30,Lake,Lakeshore Fire,51e00abb-53d0-4014-9224-2a853b1d6bcf
30,Yuba,Francis Fire,139766ba-33ac-442e-9a6b-b78d270c110a
30,Lassen,Kramer Fire ,bb500714-470e-4529-a15a-11d96e85cc68
30,Santa Clara,Quimby Fire,04100255-b014-4a69-92c2-5388c7f9b9d6
30,Contra Costa,Alhambra Fire,f012f0ea-4102-47dc-9c6d-609ebac85142
30,Alameda,Creek Fire,6bc7ef6f-2d81-4bdc-ab41-9db6af9d4abb
30,Riverside,Sobrante Fire,45845135-0abc-4964-9038-db1e26fa9b22
30,San Luis Obispo,Rock Fire,5b5274df-2cb7-402e-b002-778cce00ac1d
30,Sacramento,Grant Fire,c8060137-4a83-479b-9f36-429a698aac06
30,Fresno,Aqueduct Fire,a97e2077-2013-459a-baa7-276781503e3c
30,Humboldt,Pilot Fire,6004d3e5-66f8-487a-80a4-689d3852378c
30,San Benito,Hidden Fire,a757d4f9-2aa1-44c8-b986-ac00ca2fafdd
30,Inyo,Lone Pine Fire,6f07d935-7d64-4be8-8e96-d34384686bf8
30,Butte,Old Fire,69e1a36d-21ab-4feb-b31c-dbfac4bf62d1
30,Riverside,Girasol Fire,3b5c5d57-f61d-4c7d-a966-9d522c77e8fc
30,Alameda,Mountain Fire,bc5d73ab-3100-4117-9978-a99b8e3daf5c
29,Ventura,Banister Fire,f843961b-2c26-427d-87ba-0bde7ce9ecba
29,Santa Clara,Point Fire ,25e80e7d-5790-4192-9cf0-a190f36158f0
29,Kern,Caliente Fire,fbe088d0-2a17-4d04-aac7-0e32ac8a1ef7
29,San Diego,Jacumba Fire,d5cb2477-6627-4ef6-bab1-d0eecc4ad12a
29,Tehama,Benson Fire,de1788c0-2996-40cf-9f76-2920b210d6a9
29,El Dorado,Ice Fire,0e9f14ae-01d5-4fbe-85a0-d0967233dc90
28,Riverside,Nuevo Fire,57b7776f-bae7-4b14-b94c-65806e002a88
28,San Diego,Rock Fire,0b655a9d-94b3-4095-acfd-d40ac8347318
28,San Diego,Gopher Fire,6f600260-2bdb-4f53-9d1a-eab8afb3a11a
28,Butte,32 Fire,cf38fe5e-29ca-498d-bc9c-d3f2fd8ff883
28,Modoc,4-4 Fire,5e01dba8-3d59-41a6-ba60-d78d874eba42
28,Del Norte,Shore Fire,2c00a509-af87-418f-b888-edc8ec450f1f
28,San Diego,Border Fire,1dad019f-12c1-47a0-a20c-2408d942f1c4
28,San Diego,Otay Fire,c51a2db5-6d0b-4b4a-8692-a6d73714829f
28,Lake,Glass Fire,da7fa4d6-cbf3-4cf9-babf-1cc79aa2f536
28,Sonoma,Sonoma-Lake-Napa Unit Lightning Fires,5ce45b6c-81b5-422c-9078-8c68dd872c8a
27,Calaveras,Whiskey Fire,17596a7a-31fc-4270-8aaf-efe1df3ba848
27,Siskiyou,Ager Fire,454ed7a0-3e17-47a6-9ff1-7a629471df5c
27,Placer,Watt Fire,24997ef5-a558-4ea6-8a96-b3cdff79fe2b
27,Shasta,Cloverdale Fire,0537a175-8fe9-4f5f-b56f-77848fa195f4
27,Napa,Stage Coach Fire,7e564dd5-1d4e-4999-8aea-93691ad314ac
27,Modoc,4-10 Fire,182f71e9-0f85-4cb0-8711-ee14c0b6b8f8
27,Riverside,Vernon Fire,b0ffe2e4-ae61-4ad9-b1cc-bf31ff254d8d
26,Riverside,Foothill Fire,9d7c5ad0-6682-430a-b4d1-d39cfea73a29
26,Amador,Deer Fire,38fe21ed-2019-4be9-abdf-bf46ac5f59e3
26,Tulare,White Fire,0d030a31-8531-4172-88f1-08ac34c3d805
26,Placer,Baxter Fire,ee7ec0f0-4f5d-4fe1-b2fa-bc15f91519b3
26,San Bernardino,La Barisa Fire,4433d477-a962-4ad9-a306-71f0f79fff65
26,Riverside,Trellis Fire,bfa879b5-b526-4114-9137-51d3ea3ad336
26,Riverside,Fairview Fire,663d291c-7ba8-415d-9cab-58d41a886cfd
26,Yuba,Jasper Fire,ab42234a-7930-4636-8af5-3fc11ca8b34d
26,Siskiyou,Bailey Fire,be2805af-a801-4ca9-b9e7-14f3b896097e
25,El Dorado,Aukum Fire,f2b5faf1-9ff0-48b7-8151-25880262bec1
25,Madera,Road Fire,b3695ebc-e761-4577-8439-6330bed36594
25,Los Angeles,5 Fire,14e249f0-f21c-4d2f-bc5f-68d5d177e849
25,San Diego,Ribbonwood Fire,9b9bf8b4-8378-46e5-a760-67e89e2279e2
25,Lake,Mount Fire,d489b45e-dcba-4eaa-8bb5-6a23255562da
25,San Diego,Flume Fire,c6cfeed9-55bb-4fdb-8a52-e4d947dba721
25,Ventura,Foothill Fire ,6e986794-095c-4ba4-a129-cc45ab69d4ec
25,Shasta,Leopard Fire,952443ab-3af0-431d-9040-c73a45925401
25,Fresno,Hall Fire,ccc2ec2b-4941-4bbd-ae60-be6706d97f13
25,Fresno,Frame Fire,05b9432b-a5cf-4a8f-bf0e-9b95a04bbdde
25,Mexico,Border 10 Fire,808c34bb-4e64-4eb5-9c3e-2a1e58195074
25,Alameda,Bikeway Fire,65e8fbe1-5300-4c90-9f48-0e7bfe55b1bc
25,Tulare,Bear Fire,e1f34f39-beea-4a6d-9ba6-64b6b55ff567
25,San Luis Obispo,Vineyard Fire,4b641aa9-e8b4-492e-a181-f1bad47c4d6d
25,Contra Costa,Willow Fire,0ffbb118-8070-4220-95a7-cdef27b0a7ae
25,Riverside,Soboba Fire,d5885e9d-1310-4f84-a658-d972d17ecad9
25,San Diego,Sloane Fire,7696644d-0908-4149-8d6e-aa50c1233d67
25,Shasta,Hopper Fire,406e30d2-2ac0-4c0b-998c-761adde20177
25,San Diego,Border 9 Fire,d0b51e42-5558-47c9-8617-34f6f977ab79
25,San Luis Obispo,Cove Fire,92fc9725-ac49-4632-8bbf-e299483940b8
25,San Diego,Wilson Fire,d720af5d-af7c-4052-92b3-fced863cb675
25,Lake,Grove Fire,df7805d1-682e-4a3d-b917-1bbab5e078ef
25,Santa Clara,Oak Fire,e935ecb3-5eba-43f8-ae02-624b3d5bc03a
25,San Diego,Vista Fire,06fa2750-afea-4f88-b1c4-48b9bc21f4eb
25,Santa Clara,Oak Fire,b82b0e22-4155-43dd-ac33-1da015b6d3d2
25,El Dorado,Alder Fire,d15f161e-b69d-4e4e-9e8c-da869ebc805f
25,Lake,North Branch Extension Fire,bff80dce-32ca-4aa1-a542-f1ee5b9affc1
25,Riverside,Cherry Fire,a60e315c-23d5-4ba4-869c-5c1e22a25e7a
25,Monterey,Bryson Fire,afaa2efe-d946-4ff9-93c2-459aad31b908
25,San Diego,Park Fire,a80b8ab7-eba5-4ef7-9992-0cf828138f1b
25,San Benito,Betabel Fire,296fc88f-e646-4c89-9b46-3ac0f88ff910
25,San Diego,Lake Fire,98b0706c-ac34-4d9a-9ceb-55996099daed
25,El Dorado,Buckaroo Fire,f251d96b-f29d-46eb-be0a-9f431837d8f5
25,Mariposa,Fox Fire,794934ea-f2b0-4b88-b853-3f2510654e09
25,Lake,Oasis Fire,a992b7d3-64d5-420e-8c26-0ded8f828414
25,Riverside,Snow Fire,9987126f-9cfe-4cae-baf6-8b0d82969e51
24,Solano,Nelson Fire ,b433dceb-f5b4-4b46-8eb3-2aae9fc2d45a
24,Contra Costa,Fellow Fire,bc3e7037-5022-4e6a-8a1f-925c7e9aafc8
24,Siskiyou,Dorris Fire,098eb80f-1ecb-489d-baef-1440fa0e98d6
24,Shasta,Keswick Fire,20e4887c-b772-460d-98be-d60f39171aeb
24,Lake,Kelsey Fire,1a3ccacd-e743-4a0b-97ab-4d99a133654e
23,Riverside,Portola Fire,61e9a1f4-a263-47a0-93ee-64b52ebd92a9
23,Lake,Dam Fire,720f1d0a-81b7-4a00-85db-be3d9587ea3e
23,Contra Costa,Willow Fire,2e71d51a-49f1-4e86-82e2-054637efd1a5
23,Riverside,Land Fire,f81830b2-ece2-4f59-87c7-fd43193bd996
23,Mendocino,Soda Fire,58dda3b8-3643-4f73-bee0-0a4cae0cb079
23,Humboldt,Stafford Fire,bc2fd9c2-da5c-4cd7-bbec-9daf2143a196
23,Siskiyou,Table Fire,5d276af0-17d5-47d5-8f0e-86756d91b5c6
23,Contra Costa,Glen Fire,abe0e447-8977-406f-9e13-5514f4e954bc
23,Tehama,Plymire Fire,b48e83d3-eb05-47df-a198-185912d8190e
22,San Diego,Border Fire,a81e03a3-de18-48e4-93bf-f8da83a17927
22,Napa,Refuge Fire,7d9de7fd-f95d-4edb-bda6-804b734eedc8
22,Alameda,Edwards Fire,c4f61042-d1ef-4d00-956d-785368ee34ca
22,Lake,Grade Fire,909d6135-070c-4e3b-ba22-23877fb603c3
22,El Dorado,Chaparral Fire,48f89096-4641-42cc-8ec4-9cba635e79a1
22,Alameda,Mid Fire,3fc9ae75-8844-43a5-8330-6956cdb6e3a7
22,Calaveras,Gold Fire,7d77d3d1-40b5-40ab-8a53-2550f2001094
22,Mariposa,Wagner Fire,deb9364c-ab73-4661-b287-2ffc1797296e
21,Butte,Highway Fire,981484d0-711c-4a7b-9adc-23c9b29f9fae
21,Lake,Mule Fire,180ea977-b5c2-483d-b9f4-c2f8b8b05ebe
21,Riverside,Meadow Fire,9a49cf24-0e41-4817-b0d0-966e7b5c7e77
21,Santa Barbara,Gibraltar Fire,fbd3c0a8-7191-473c-bb05-43616711b6c5
21,Tuolumne,Preston Fire,3e020c0d-e35b-4e01-96b7-a3c8e40fd281
21,Humboldt,Summit Fire,861bfbd3-ce1c-46bd-a32b-2848b7399119
21,San Benito,Bitterwater Fire,f5ef2d0f-66a7-4d75-a9e8-03c42524d723
21,Riverside,Spider Fire,48284911-67cd-4394-8aad-053d3b2cf5db
21,San Luis Obispo,Soda Fire,494792db-3107-4323-b176-fde4c58cd647
21,Tulare,Globe Fire,0a664214-c090-4889-8439-06836f89d830
21,Shasta,Platina Fire,2d09e106-116c-4a9f-a3de-dae03df6de6a
20,Monterey,Nacimiento Fire,1423af4f-16d5-4f19-a01d-fc3ebc124201
20,Kings,City Fire,3fce8146-ff21-4399-9a94-f37124b34331
20,Contra Costa,Fish Fire,304c7c4c-140e-40f4-ac9f-36926c07e5fc
20,Riverside,Reed Fire,338af3e2-098b-4d1b-8f98-6020b212b68f
20,Mendocino,Range Fire,7f742021-ea49-4de5-89a2-f5b9d05d6bbb
20,San Bernardino,Seine Fire,a441e39a-1be1-4be5-8c07-b32bc6f07df0
20,Tuolumne,Falls Fire,09f55a45-f261-492f-b496-8744d878ef57
20,Tehama,36 Fire,bc12dbf6-db36-4dcf-86d6-84d3beb14cad
20,Sonoma,Fort Fire,fc87e089-36dc-4314-8321-7d91e7eead21
20,Humboldt,Blue Fire,e2c1718a-40e5-4139-a379-011c77f021bd
20,Ventura,Edison Fire,5ae9ec04-a2f4-4e18-8f6b-99c939eed64d
20,Lake,Mockingbird Fire,1780f987-76f9-4a82-81bd-6cb914758eec
20,San Bernardino,Ken Fire,383c3df6-a1eb-40fd-b798-41481dff679a
20,Contra Costa,Morgan Fire,e83e7346-5b83-4e3a-845c-867fd84d17f0
20,Alameda,Niles Fire,03f49769-b928-44a5-be82-236d3d341eba
20,Santa Clara,Church Fire,655b2bde-09c6-43b8-9cdb-43096bcf1155
20,Alameda,Vallecitos Fire,1f49d4b1-f08f-4fce-8b55-48ff0e521a2f
20,Riverside,Bridle Fire,764b9aac-411e-442d-a045-1bd02ec773c2
20,Butte,70 Fire,59b452f4-04fe-4251-8cf9-70dfc53ada0c
20,Los Angeles,Portola Fire ,7307857b-b127-4b3a-bf11-ee19d07e0736
20,Plumas,French Fire,508b3f52-3a8e-4572-99a9-73c28bbdfbef
20,Humboldt,Bald Fire,ccd896f2-f071-4d26-ba9b-f413de4d6b77
20,San Diego,Border Fire,64812487-ac4c-40da-b069-2884d7a04675
20,El Dorado,Cascade Fire,0b2d503c-7bd5-45e7-b029-61306ae6e7c0
20,Colusa,Spring Fire ,f2a78d1c-66be-40f8-a2d8-5756eb265162
20,Riverside,Radio Fire,073d3328-3d8c-459a-8ac8-5dc6095511ec
20,Lake,Golf Fire,280f9652-7843-4275-9016-b95296fbf571
20,Riverside,Gibbel Fire ,6564081d-5ce7-4330-8ad7-2d1d976d778a
20,Riverside,Nuevo Fire,c6e38284-336a-4435-a3a1-b2b91ee84a91
19,Napa,Pleasure Fire,7c98e8db-6a6a-4f66-bfe7-7d24e926c986
19,Amador,Willow Fire,fa8a5b87-9f71-4b68-bd14-b751844d5676
19,Alameda,Carroll Fire,40ce99a7-fbca-4b41-b3bf-e2f863fdcc7e
19,Riverside,Warren Fire,1e85b2a3-0d55-4c3a-9fbb-5208d615cccd
19,Riverside,Sobrante Fire ,305f30f5-622d-4c55-8813-45ffbc15aed0
19,Riverside,Longhorn Fire,d3f8db86-9947-4a4e-9113-0d7e4806417f
19,Nevada,Garden Fire,11392e98-1571-4405-8f9c-d347caca28ce
19,Riverside,Nuevo Fire,bae69034-3bf6-48c3-a642-d0242cf090f9
19,Humboldt,Sway Fire,82689e99-9158-4403-b8c5-bababc3c81f6
19,Stanislaus,Willms Fire,1eef0c21-122b-4522-80d1-edf08c82c777
19,Siskiyou,King Fire,91d07ea9-cf5f-489c-aa4f-97fa6c0fb8a4
19,Kern,Fay Fire,f5237d47-f15b-4f4b-8b1c-6f11235f954d
18,Humboldt,Bridge Fire,4f7bb6c9-8b10-4892-89a8-d2b78931aa10
18,Fresno,Panoche Fire,21e9f99a-35a5-41cd-a44b-92363fbf5081
18,Monterey,Pine Fire,75bb079a-1de8-4824-a933-e19f69948438
18,Butte,Lakeland Fire,6ae3d56e-0258-49f5-9e71-5b5abe141479
18,San Diego,Jacques Fire,f96cf1fb-78d6-4763-a754-23aac25a3b96
18,Riverside,Lago Fire,fb8c9354-384c-45ab-b209-4a0f6d234516
18,Sonoma,Bodega Fire,d83bfb8a-f1e6-4213-b514-89fc16d2eb72
18,Shasta,Keswick Fire,64fa2a72-b964-421d-b88f-5ac2e37647d4
18,Stanislaus,Del Fire,2e4017ba-5c18-4de6-8098-54b2a6caf5bd
17,Shasta,Corner Fire,1b49e4e3-7506-4bf4-b86f-fd3ca93fd85b
17,Santa Cruz,Rincon Fire,7d1f523d-6940-4b64-bc5a-7ecb5a63538a
17,Amador,China Fire,43d24c96-7841-423f-9e14-bc9a7ff49416
17,Butte,32 Fire,921a69d2-ddde-4fd8-a874-f5ba15a4edd2
17,Riverside,Ethanac Fire,368fb83d-2660-4d9f-b6ad-0a2ef5de1e52
17,Santa Clara,Mines Fire,7a0029c7-64c8-442d-8c7a-080a553e2b8e
17,San Benito,Foster Fire ,d8c705d2-2820-43d2-bee4-8335354bcab0
17,Mariposa,Ramblin Fire,273d1f78-c432-46c0-8969-26c3f936cc65
17,Siskiyou,Rocky Fire,45cad03f-97e7-4301-92e2-e63a0040913a
17,Riverside,Canyon Fire,48c4b519-eaf5-4ae8-9470-31e8770a70ac
17,Monterey,Lonoak Fire,2d12b95c-3f4e-41bc-a771-8ae2cb80b99e
17,San Luis Obispo,Rocky Fire,fbc11fc4-573b-465f-a9ac-a879ee2cdda2
17,Shasta,Sky Fire,00a13d84-415e-4106-aa31-2e664ed9eabf
16,Santa Clara,Keeler Fire,7f775329-242f-4211-b564-92f90062c227
16,Humboldt,Buck Fire,0a645cbe-2d5a-4e2b-80c9-cb9167641cca
16,El Dorado,Greenstone Fire ,22c3cb30-55b1-4fcd-9606-6a0dcedce4ef
16,Shasta,Cow Fire,f24e0e23-63ee-4038-a04d-41fe70cac747
16,Humboldt,Johnson Fire,8c94a8f0-1d63-4ea7-88af-52fee196a9a6
16,Nevada,Oak Fire,b2695350-87ea-49f4-a579-ce0c4cf7f926
16,Kern,Elk Fire,adf741f6-5416-41c5-af26-01240cc361cf
16,San Bernardino,Matz Fire,524b1e23-8921-4195-812d-7ec8ee5020b7
16,Fresno,Rusty Fire,7272decf-0ae8-47aa-b46c-00fc4cd04816
15,Tehama,Paskenta Fire ,a43d0b54-a91e-40ba-b121-2e0f067201b6
15,Madera,Ranger Fire,3ddf82b4-0631-4148-807e-181277adeca5
15,Riverside,Gilman Fire,2b300dd5-4474-4b8a-9b4c-3a3014afe27d
15,Mendocino,Refuse Fire,23d84ebe-9c31-4e3c-b0ad-b23aa510abeb
15,Riverside,Tyler Fire,8b34406c-93b7-4a40-a832-2fc525876e59
15,Riverside,Woodchuck Fire,08a9481d-8742-4256-a419-2a59196e0a8d
15,Modoc,Essex Fire,e9d48e43-940e-4151-9ffb-20881d03c151
15,Siskiyou,Iron Gate Fire,28725d54-51bc-41f9-99ed-aca0396be12a
15,Monterey,Alvarado Fire,c171dc75-9d35-4c58-b787-032067b16ae7
15,Nevada,Greenhorn Fire,77ab4672-c61f-488f-a165-acb40eeac713
15,Modoc,Centerville Fire,f568b94d-f388-4231-8aac-ac2572ca872d
15,Ventura,Shelter Fire,7ebdcc3e-f402-4ab7-88d4-82d99d59b019
15,Riverside,66 Fire,b12ae71e-c6c8-4eab-9aab-d17d1879a639
15,Contra Costa,Nustar Fire,0baff961-3ce3-45ec-80f1-a72957f2f3f4
15,San Diego,Pauma Fire,77671ac0-0868-4cc9-a699-26f0131cd493
15,San Bernardino,Telephone Fire,a5331bf6-d695-4309-a846-96808e41d757
15,Siskiyou,Duzel Fire,efba4d61-2027-4b05-8506-04d9858154ca
15,Calaveras,Lombardi Fire,42f21a81-e0a3-4b4d-b837-2e6e2efd75a4
15,Trinity,West Fire,62c2a563-1768-4c94-ac71-694a553cfdf8
14,Santa Barbara,Drum Fire,64779f92-8353-4187-ae56-2b83eb66d7ca
14,Placer,Iowa Fire,e22ad5eb-2085-4a09-887f-fc54756527ce
14,Riverside,Santa Fire,43bd24a5-fe63-4a1f-bb61-75d201f2c829
14,San Luis Obispo,Camp Fire,0194a44a-0c12-4e47-a053-f3b9b2382858
14,San Diego,Casner Fire,775494c3-ae61-40aa-82b0-667a3ddcbdcc
14,Riverside,Moraga Fire,9348a031-c7b3-4165-890a-37a7eb7405db
14,Monterey,Hog Fire,b9142a59-e3dd-4797-b6ed-c5c847b16f67
14,Butte,Desabla Fire,97d63e17-e546-49ae-add6-e3b5fa71cb4c
14,Santa Barbara,Coast Fire,2fa6f5ce-1c5b-4147-9f1f-9beb01c499af
14,Yolo,Madison FIre,4235f934-ed24-425d-821c-46363dcb16e8
14,Lassen,3-2 Fire,b89ae0bb-4b8b-47f6-b7c6-5e689a265288
13,Fresno,Coldwell Fire,af8fe898-e4a6-4b9f-86a5-e6fc3226832b
13,San Diego,Cinnamon Fire,05fb81ea-7e85-4d0d-9587-64c907a45561
13,Shasta,Ranchera Fire,20b57ee7-b0b7-47db-8a12-e5fcdb114459
13,El Dorado,Rosado Fire,fd82cbd0-ec25-461c-aef1-4c0c92060348
13,El Dorado,Woodland Fire,855e28e2-753b-4c36-bf39-27ace518776d
13,Stanislaus,Milton Fire,6418a3f5-8f76-4b47-9a46-64af91838857
13,El Dorado,Carson Fire,6ac64fee-1420-420c-bff1-1d4908b059be
13,San Bernardino,Silver Fire,ed40ce35-7338-4f8b-a5ab-e94af6fa7e55
12,Riverside,Sage Fire,faf6064e-fc50-4289-8486-1235f20289d7
12,San Diego,Volcan Fire,81cf4d22-336d-4035-b2c3-5b5a8cf2fcc2
12,Alameda,Grant Fire,f78b2acd-fff2-413a-93d6-8479e138120b
12,Napa,Bellagio Fire,03b0e3c2-7b65-4a7b-b061-d297ebd267f4
12,San Luis Obispo,Resort Fire,0fd4a4af-b243-4e88-b983-648d0c127f47
12,Siskiyou,Meamber Fire,c48eaae5-afb4-472c-be65-7dfbb3c82f4d
12,San Diego,Vista Fire,a43a2839-d85f-4152-ac07-4a29c31723cf
12,Marin,Mission Fire,5adaf6fa-0c4a-43e4-bd32-baa089a7f0b2
12,Madera,School Fire,f5d14543-5d98-41ca-99f5-09c1197161b2
12,San Bernardino,Gray Fire,8ff78ab4-378d-4e1b-9ba0-b90d8be07a06
12,El Dorado,Meyers Fire,9ea41d38-ee7c-4394-9ea8-cbf33e788f13
12,Shasta,Tower Fire,a8f54d41-fc8c-476c-9122-f1357aa166a0
12,Merced,Taglio Fire,fcb8579e-7469-4c9e-9eac-527264e6f26b
12,Riverside,Jameson Fire,7fc71135-ee3b-443c-a859-90672936e0c1
12,San Luis Obispo,Shandon Fire,c7e3bcbf-1065-4e45-a4a3-bf0b5ac6aa23
12,San Diego,Dehesa Fire,07cb7d4c-a40e-4265-86df-9f3c3c1d6764
12,Butte,Pacific Fire,ea832344-b0c6-4443-b5f0-457c462d911c
12,Alameda,Little Fire,a87ab8be-3da9-4cb0-a72c-5125acc001ef
12,Butte,Mayberry Fire ,42e2b6f0-2d63-4fbf-bbb4-4fc2eda4805d
11,Sonoma,Independence Fire,75fb489f-1e3e-4929-a6fb-a288416b96e0
11,Alameda,Mines Fire,de9cacb4-0be2-47d1-8cf2-7a25aabacfae
11,Stanislaus,Bridge Fire,a8b79d35-dab7-4513-ac65-25fd99541662
11,Tehama,Dales Fire,a4bd4cbb-53de-47c8-972f-cca4c36aaf74
11,San Bernardino,Beaumont Fire,6ad5dc4a-bd52-4cb4-9664-2ab606289d21
11,Shasta,Rock Fire,958c8ac0-6111-4d29-b5ac-8ca0e7a2f484
11,Riverside,Lisa Fire,64ef64a3-c8b0-48f1-8fec-9cacf8dfcd34
11,Riverside,Grande Fire,a0b7fa30-74d0-419f-927b-de29b0d00018
11,Madera,Cornerstone Fire,dc55524d-c29f-4990-8f73-2974348c7fc7
11,Butte,Dark Fire,c2dc8734-e165-4fa1-9a1a-f393516bd5a5
11,Tehama,Collier Fire,d35cfa9a-0087-4b24-ad22-6a738e633771
11,Shasta,Fiddler Fire,0e493de0-b544-4b10-a229-ea9da56bf621
10,Monterey,Soledad Fire,b8bdbd12-e3a2-49e0-8d65-7c18b8d584bf
10,Riverside,Lambs Fire,294c531a-3299-4038-baa8-c2a92d38d10a
10,Nevada,Brewer Fire,c99fe9af-6d6b-435a-9084-2248905ad251
10,Riverside,Canyon Fire,d4f1fc5e-b877-41ee-b491-8e92ded4984f
10,Butte,Rebie Fire,1be14ce2-5e9c-4cc2-89bf-f36cb1d1ccbd
10,Riverside,Navajo Fire,e6626b0a-428c-442f-9ec5-591effef172d
10,Shasta,North Fire,2ec4e814-477b-47e7-a36b-4da26f94e277
10,Nevada,Grizzly Fire,d9f83833-30c4-448d-b2ca-c5a63791b83d
10,Los Angeles,Rincon Fire,9705ad0d-5bf1-4221-a7c3-3af6d99be3d0
10,Amador,Sandra Fire,f3c1f59e-b0d5-4c14-976f-ae6c583b2224
10,Fresno,Shaver Fire,e1a5b757-2bc1-440f-b3d1-06cd41171775
10,Mariposa,Dexter Fire,04b4caff-a62d-465b-b9a7-81986f91c0c3
10,Tehama,Freeway Fire,e3ed6829-5211-436a-8e32-ec617c3ebc83
10,Amador,Electra Fire,755df0b3-ad02-406b-af5d-738b67d8c755
10,Madera,Pines Fire,a2da7754-e907-48f2-a023-0a3053cf2903
10,Butte,Moms Fire ,7955a367-99da-4047-9f69-cc60ad3208e6
10,Siskiyou,IronGate Fire,fe63d965-9069-4a96-b9da-99d5fefdaa19
10,Butte,Cana Fire,34abbc65-5bbe-474b-85c8-16d07bb5b503
10,Santa Cruz,Bear Fire ,b6fb27e6-073c-4092-b8a8-51e96be987a4
10,Humboldt,Green Hill Fire,116fabb6-7440-4d6d-aa89-668989c028db
10,Butte,Powellton Fire,b8dc21be-0807-4434-9536-45a4a660ed83
10,Riverside,Keller Fire,23f8d2d9-0e9e-4f07-b830-8c02cf74b5d0
10,Napa,Syar Fire,1bdf7030-adc6-442f-ab31-d182e53b4a73
10,Siskiyou,Lott Fire,14207c18-f9a3-4a69-9f3a-d778d2f6960f
10,San Diego,Building Fire,59c697e4-5083-4f45-b03a-ef580f6618dd
10,Butte,Llano Fire,465ed1e1-89be-4556-b616-834b65746005
10,San Luis Obispo,Creek Fire,d752892a-9bdf-4b91-83f0-2d3f94c3f370
10,Monterey,Ranchita Fire,b2adde70-a40e-4b81-9f5f-8f6b96042af2
10,Sonoma,Pallet Fire,6eed6c93-14f3-450a-80c8-65c5450a8cbd
10,San Diego,Green Fire,60041942-db7c-4c3d-8a94-151addbd9d20
10,Tehama,Black Fire,2d27a570-a8b0-4332-a40a-3afb8f2a575c
10,Riverside,Jardin Fire,c88bdcbd-2592-44d2-b44d-1c5a37593ffb
10,Riverside,70th Fire,79dee087-3393-473f-aaa9-5d253cc5e1fa
10,Santa Cruz,Deer Fire,23f65de3-bf4d-4edf-a5eb-b21299195b0f
10,Mendocino,Wilson Fire,1dd6f339-956d-4ec5-bac5-713ba3cd53d4
10,San Diego,Fairmont Fire,2a516d14-36ce-43b0-b34c-7483759a9c84
10,Tehama,Inghram Fire,d6114db7-8a39-4b86-92a5-5c3dea1f348f
10,Riverside,Moreno Fire,fccf2545-cab8-452e-829c-8379054831f0
10,Kern,Champagne Fire,6fa64139-e5d1-4134-b012-5c1b272ac89a
10,Yuba,Twenty Fire,67d31514-620f-49d1-b4bd-a3a92efd48ca
10,Riverside,Shirleon Fire ,7ea6269d-6ba3-41e1-aff6-b4da1c6611d1
10,Kern,Pine Fire,8bba8daf-8d47-43e7-8593-fdfa2dea5228
10,Riverside,Springs Fire,0089929d-0b52-46fe-8982-b096b7616f30
10,Tulare,Jacobson Fire,2458cd6c-82d6-43ef-b509-706e3af69451
10,Riverside,Bailey Fire,5a4639e4-0d1d-4cee-8215-0aa1d53a5160
9,Riverside,Eagle Fire,6e93b252-99a3-4214-9921-238373b17535
6,Napa,South Napa Earthquake,9617f422-bb7b-41ae-8ad6-670ffff875ab
2,Nevada,Long Fire,b38c0563-b321-431b-9174-6336c5a0d449
0,San Diego, Cristianitos Fire,47e76098-389e-4747-9e89-7ebdc963a485
0,Siskiyou,Salmon-August Complex ,c35027fa-3bc5-423f-a32e-e03b134a102e
0,Tulare,King Incident,e1fdc15a-5737-4c69-ab9a-7f43d6b4aab8
0,San Luis Obispo,Range Fire,5bfc7c8f-0d7f-4b14-903b-00014014c14b
0,Butte,Oroville Spillway ,afb8c00c-ef91-4544-90ce-54722be124af
0,Los Angeles,Gorman Fire,2c77fa07-73e6-45fe-a527-5bd526bdef41
0,Tulare,Chimney Fire,6afa1ccf-e1b6-492b-bcaa-9189cd3487aa
0,Los Angeles,Old Fire,d0ffe734-daf1-4446-af7d-4f8fde2802b7
0,San Luis Obispo,Soda Fire,5c86c26b-e6c0-4e47-90b7-bc5da3885ebe
0,Los Angeles,Sand Fire,bb4feaa5-4afc-47fb-82b3-c3aed84c3c31
0,Alpine,Mokelumne Fire,5823867d-c458-4673-858f-0ded99b6121f
0,Humboldt,Grape Fire,d6753341-5c6f-4530-9c02-25974496ddc8
0,Modoc,Warner Mountain Lightning,42f93f6b-0ada-4267-8e6e-4674055ed9c8
0,Siskiyou,Clear Complex (merged into Eclipse Complex),5948001c-9c7b-4722-9fa4-9f0323886bc0
0,Humboldt,Orleans Complex,7d4f107b-66a9-43d2-819d-ec855c2947bf
0,Riverside,Hathaway Fire,befb9d5c-c0ea-48b8-8589-2586be0275af
0,Mariposa,Rattlesnake Fire,e21384c7-8060-4336-9a71-a006330d9939
0,Napa,Partrick Fire (Central LNU Complex),36d55b1a-a2f4-4f40-b57c-48341bb2ace5
0,Sonoma,Pressley Fire (Central LNU Complex),15b21d31-eadf-47bb-a030-20c531b3077b
0,Butte,Honey Flooding,e6b8af54-15fb-42bb-8be9-f323c9d5cc78
0,Siskiyou,Happy Camp Complex,da500577-e558-4446-832f-0e537cc55204
0,Alpine,Washington Fire,470d19d4-384d-497a-9770-cd2e2a3f3196
0,Trinity,Mad River Complex,3e699b76-7a4b-4b5d-a391-89b640953195
0,Glenn,Creek Fire,47c9e99d-ad11-497f-8238-cfd815423262
0,Santa Barbara,Montecito Flooding / Mudflows,23cbd274-ded3-43ea-9174-b5615eac3244
0,Lassen,Antelope Fire,b4eb0b95-1a93-46a5-91f4-5c2b4c7b943c
0,Siskiyou,Klamath Fire,1be87788-1bd9-4e97-b92a-63b41fe8abf1
